DateCollared,DateDrilled,Ring,Hole,Rods,ActualLength,RigName
24/9/20 0:38,24/9/20 1:14,R2,H3,7.599999905,13.69999981,RIG 1
24/9/20 1:24,24/9/20 1:58,R2,H4,8.100000381,14.5,RIG 1
24/9/20 2:07,24/9/20 2:41,R2,H5-rev,8.199999809,14.80000019,RIG 1
24/9/20 2:52,24/9/20 3:27,R3,H5,8.199999809,14.60000038,RIG 1
24/9/20 3:37,24/9/20 4:28,R3,H4,8.199999809,14.69999981,RIG 1
24/9/20 4:38,24/9/20 5:11,R3,H3,7.800000191,14,RIG 1
24/9/20 6:35,24/9/20 7:09,R3,H2,7.400000095,13.19999981,RIG 1
24/9/20 7:15,24/9/20 7:47,R3,H1,7,12.60000038,RIG 1
24/9/20 7:53,24/9/20 8:21,R4,H5,8.199999809,14.80000019,RIG 1
24/9/20 8:38,24/9/20 11:32,R4,H2,7.300000191,13.10000038,RIG 1
24/9/20 11:35,24/9/20 12:12,R4,H1-rev,7.099999905,12.60000038,RIG 1
24/9/20 12:22,24/9/20 12:54,R4,H3,7.800000191,14,RIG 1
24/9/20 13:14,24/9/20 14:48,R4,H4,8.199999809,14.60000038,RIG 1
24/9/20 15:17,24/9/20 15:17,R5,H11,1.700000048,3,RIG 1
24/9/20 15:18,24/9/20 15:38,R5,H10,4.800000191,8.5,RIG 1
24/9/20 15:43,24/9/20 16:11,R5,H9,5.800000191,10.39999962,RIG 1
24/9/20 16:18,24/9/20 16:49,R5,H8,7.400000095,13.19999981,RIG 1
24/9/20 16:55,24/9/20 17:40,R5,H7,8.300000191,14.89999962,RIG 1
24/9/20 17:52,24/9/20 18:37,R5,H6,8.899999619,15.89999962,RIG 1
24/9/20 18:49,24/9/20 19:24,R5,H5,6.099999905,10.89999962,RIG 1
24/9/20 19:28,24/9/20 19:50,R5,H4,4.5,8,RIG 1
24/9/20 19:53,24/9/20 20:09,R5,H1,3.200000048,5.699999809,RIG 1
24/9/20 20:13,24/9/20 20:30,R5,H2,3.200000048,5.699999809,RIG 1
24/9/20 20:33,24/9/20 23:23,R5,H3,3.599999905,6.400000095,RIG 1
24/9/20 23:33,24/9/20 23:34,R6,H15,2.200000048,3.900000095,RIG 1
24/9/20 23:47,25/9/20 0:16,R6,H14,5.199999809,9.199999809,RIG 1
25/9/20 0:17,25/9/20 0:45,R6,H13,6.400000095,11.5,RIG 1
25/9/20 0:49,25/9/20 1:21,R6,H12,8.100000381,14.60000038,RIG 1
25/9/20 1:27,25/9/20 2:08,R6,H11,8.899999619,15.89999962,RIG 1
25/9/20 2:20,25/9/20 2:57,R6,H10,9.5,17,RIG 1
25/9/20 3:00,25/9/20 3:40,R6,H9,10.19999981,18.29999924,RIG 1
25/9/20 3:50,25/9/20 4:42,R6,H8,11.39999962,20.39999962,RIG 1
25/9/20 4:53,25/9/20 5:45,R6,H7,11.60000038,20.79999924,RIG 1
25/9/20 5:56,25/9/20 15:20,R6,H6,10.89999962,19.5,RIG 1
25/9/20 15:36,25/9/20 16:14,R6,H5,10.10000038,18.10000038,RIG 1
25/9/20 16:28,25/9/20 16:58,R6,H1,7.400000095,13.30000019,RIG 1
25/9/20 17:24,25/9/20 17:39,R6,H2,7.800000191,14,RIG 1
25/9/20 17:47,25/9/20 18:32,R6,H3,8.600000381,15.30000019,RIG 1
25/9/20 18:45,25/9/20 20:00,R6,H4,9.399999619,16.79999924,RIG 1
25/9/20 20:03,25/9/20 20:14,R7,H15,2.299999952,4,RIG 1
25/9/20 20:16,26/9/20 0:50,R7,H1,7.400000095,13.30000019,RIG 1
26/9/20 1:05,26/9/20 1:27,R7,H14,5.300000191,9.399999619,RIG 1
26/9/20 1:32,26/9/20 1:57,R7,H12,6.699999809,12,RIG 1
26/9/20 2:02,26/9/20 2:37,R7,H11,8.399999619,15,RIG 1
26/9/20 2:43,26/9/20 3:16,R7,H10,9.199999809,16.60000038,RIG 1
26/9/20 3:24,26/9/20 4:03,R7,H9,10,18,RIG 1
26/9/20 4:09,26/9/20 4:53,R7,H8,11.10000038,19.89999962,RIG 1
26/9/20 5:03,26/9/20 5:50,R7,H7,11.89999962,21.39999962,RIG 1
26/9/20 5:57,26/9/20 6:42,R7,H6,11.39999962,20.39999962,RIG 1
26/9/20 6:53,26/9/20 7:25,R7,H2,8.100000381,14.60000038,RIG 1
26/9/20 7:33,26/9/20 8:06,R7,H3,9.100000381,16.29999924,RIG 1
26/9/20 8:17,26/9/20 11:26,R7,H5,10.60000038,18.89999962,RIG 1
26/9/20 11:36,26/9/20 12:23,R7,H4,9.899999619,17.60000038,RIG 1
26/9/20 12:25,26/9/20 12:42,R8,H15,2.299999952,4.099999905,RIG 1
26/9/20 12:45,26/9/20 13:03,R8,H14,5.199999809,9.199999809,RIG 1
26/9/20 13:09,26/9/20 13:36,R8,H13,6.400000095,11.39999962,RIG 1
26/9/20 13:42,26/9/20 14:10,R8,H12,7.800000191,13.89999962,RIG 1
26/9/20 14:16,26/9/20 15:46,R8,H11,8.5,15.10000038,RIG 1
26/9/20 15:48,26/9/20 16:26,R8,H10,9.300000191,16.60000038,RIG 1
26/9/20 16:30,26/9/20 17:12,R8,H9,9.800000191,17.60000038,RIG 1
26/9/20 17:20,26/9/20 17:57,R8,H8,10.69999981,19.29999924,RIG 1
26/9/20 18:12,26/9/20 18:54,R8,H7,11.80000019,21.20000076,RIG 1
26/9/20 19:01,26/9/20 19:47,R8,H6,11.19999981,20.10000038,RIG 1
26/9/20 19:50,26/9/20 20:27,R8,H5,10.39999962,18.60000038,RIG 1
26/9/20 20:37,26/9/20 23:32,R8,H4,9.600000381,17.10000038,RIG 1
26/9/20 23:42,27/9/20 0:26,R8,H3,8.600000381,15.39999962,RIG 1
27/9/20 0:32,27/9/20 0:55,R8,H2,7.699999809,13.80000019,RIG 1
27/9/20 1:17,27/9/20 1:45,R8,H1,7.199999809,12.80000019,RIG 1
27/9/20 1:55,27/9/20 2:02,R9,H15,2.599999905,4.599999905,RIG 1
27/9/20 2:07,27/9/20 2:22,R9,H14,5,9,RIG 1
27/9/20 2:35,27/9/20 2:57,R9,H13,6.199999809,11,RIG 1
27/9/20 3:07,27/9/20 3:46,R9,H12,8,14.19999981,RIG 1
27/9/20 3:56,27/9/20 4:35,R9,H11,8.800000191,15.69999981,RIG 1
27/9/20 4:44,27/9/20 5:23,R9,H10,9.300000191,16.60000038,RIG 1
27/9/20 5:37,27/9/20 6:11,R9,H9,9.899999619,17.79999924,RIG 1
27/9/20 6:27,27/9/20 6:52,R9,H8-rev,11.89999962,21.29999924,RIG 1
27/9/20 7:28,27/9/20 8:07,R9,H7,11.39999962,20.39999962,RIG 1
27/9/20 8:22,27/9/20 11:22,R9,H6,10.69999981,19.20000076,RIG 1
27/9/20 11:25,27/9/20 12:01,R9,H5,9.899999619,17.79999924,RIG 1
27/9/20 12:11,27/9/20 12:54,R9,H4,9,16.10000038,RIG 1
27/9/20 12:57,27/9/20 13:32,R9,H3,8.199999809,14.69999981,RIG 1
27/9/20 13:37,27/9/20 14:05,R9,H2,7.599999905,13.5,RIG 1
27/9/20 14:14,27/9/20 14:46,R9,H1,7.199999809,12.89999962,RIG 1
27/9/20 14:55,27/9/20 15:03,R10,H15,2.400000095,4.199999809,RIG 1
27/9/20 15:07,27/9/20 15:22,R10,H14,5.199999809,9.199999809,RIG 1
27/9/20 15:27,27/9/20 15:52,R10,H13,6.400000095,11.39999962,RIG 1
27/9/20 15:57,27/9/20 16:26,R10,H12,7.800000191,13.89999962,RIG 1
27/9/20 17:20,27/9/20 18:03,R10,H11,8.5,15.19999981,RIG 1
27/9/20 18:05,27/9/20 18:48,R10,H10,9.100000381,16.20000076,RIG 1
27/9/20 18:53,27/9/20 19:42,R10,H9,9.699999809,17.29999924,RIG 1
27/9/20 19:45,27/9/20 20:27,R10,H8,10.60000038,19,RIG 1
27/9/20 20:35,27/9/20 23:19,R10,H7,11.5,20.60000038,RIG 1
28/9/20 0:05,28/9/20 0:12,R10,H6-rev,10.80000019,19.29999924,RIG 1
28/9/20 0:22,28/9/20 0:57,R10,H5,10,18,RIG 1
28/9/20 1:06,28/9/20 1:39,R10,H4,9.199999809,16.5,RIG 1
28/9/20 1:49,28/9/20 2:29,R10,H3,8.399999619,15,RIG 1
28/9/20 2:39,28/9/20 3:07,R10,H2,7.5,13.5,RIG 1
28/9/20 3:16,28/9/20 3:45,R10,H1,7,12.5,RIG 1
28/9/20 4:07,28/9/20 4:20,R11,H15,3.799999952,6.699999809,RIG 1
28/9/20 4:24,28/9/20 4:45,R11,H14,7.400000095,13.19999981,RIG 1
28/9/20 4:53,28/9/20 5:17,R11,H13,7.5,13.39999962,RIG 1
28/9/20 5:26,28/9/20 5:53,R11,H12,8,14.39999962,RIG 1
28/9/20 6:04,28/9/20 6:35,R11,H11,8.899999619,15.80000019,RIG 1
28/9/20 6:43,28/9/20 7:15,R11,H10,9.300000191,16.60000038,RIG 1
28/9/20 7:26,28/9/20 7:58,R11,H9,10,17.89999962,RIG 1
28/9/20 8:09,28/9/20 8:34,R11,H1,7,12.60000038,RIG 1
28/9/20 8:42,28/9/20 11:32,R11,H6,10.30000019,18.39999962,RIG 1
28/9/20 11:40,28/9/20 12:36,R11,H8,11.69999981,20.89999962,RIG 1
28/9/20 12:40,28/9/20 14:08,R11,H7,11,19.70000076,RIG 1
28/9/20 14:15,28/9/20 14:56,R11,H5,9.5,17,RIG 1
28/9/20 15:02,28/9/20 15:39,R11,H4,8.600000381,15.39999962,RIG 1
28/9/20 15:45,28/9/20 16:18,R11,H3,7.900000095,14.10000038,RIG 1
28/9/20 16:27,28/9/20 16:40,R11,H2,7.300000191,0.699999988,RIG 1
28/9/20 16:46,28/9/20 16:54,R11,H2-rev,7.300000191,13.10000038,RIG 1
28/9/20 17:31,28/9/20 17:41,R12,H14,2.400000095,4.199999809,RIG 1
28/9/20 18:18,28/9/20 18:18,R12,H13,8.399999619,15,RIG 1
28/9/20 18:23,28/9/20 18:54,R12,H12,7.5,13.5,RIG 1
28/9/20 19:35,28/9/20 19:35,R12,H11,8,14.39999962,RIG 1
28/9/20 19:36,28/9/20 23:34,R12,H10,9,16.20000076,RIG 1
28/9/20 23:40,29/9/20 0:13,R12,H9-rev,9.399999619,16.89999962,RIG 1
29/9/20 0:28,29/9/20 1:01,R12,H8,10.19999981,18.29999924,RIG 1
29/9/20 1:12,29/9/20 1:50,R12,H7-rev,11.69999981,21.10000038,RIG 1
29/9/20 4:40,29/9/20 5:31,R12,H6-rev,10.89999962,19.79999924,RIG 1
29/9/20 5:33,29/9/20 6:16,R12,H5,10.10000038,18.10000038,RIG 1
29/9/20 6:31,29/9/20 7:02,R12,H4,9.199999809,16.60000038,RIG 1
29/9/20 7:18,29/9/20 7:44,R12,H3,8.399999619,15,RIG 1
29/9/20 7:52,29/9/20 8:18,R12,H2,7.5,13.39999962,RIG 1
29/9/20 8:27,29/9/20 11:43,R12,H1,7.099999905,12.60000038,RIG 1
9/10/20 7:10,9/10/20 7:10,L11,H6,9.300000191,16.70000076,RIG 1
9/10/20 7:14,9/10/20 7:57,L11,H7,10,17.89999962,RIG 1
9/10/20 8:07,9/10/20 8:24,R14,H1,3.599999905,6.300000191,RIG 1
9/10/20 8:30,9/10/20 11:08,L11,H9,12,21.60000038,RIG 1
9/10/20 11:15,9/10/20 11:57,L11,H8,10.80000019,19.29999924,RIG 1
9/10/20 12:07,9/10/20 12:45,L11,H10,9.699999809,17.39999962,RIG 1
9/10/20 12:56,9/10/20 13:27,L11,H11,7.900000095,14.19999981,RIG 1
9/10/20 13:36,9/10/20 13:37,R14,H10,2.400000095,4.199999809,RIG 1
9/10/20 13:48,9/10/20 14:11,R14,H9,5.300000191,9.399999619,RIG 1
9/10/20 14:18,9/10/20 14:45,R14,H8,5.800000191,10.39999962,RIG 1
9/10/20 14:49,9/10/20 16:01,R14,H7,5.900000095,10.5,RIG 1
9/10/20 16:13,9/10/20 16:37,R14,H6,6,10.69999981,RIG 1
9/10/20 16:44,9/10/20 17:03,R14,H5,4.800000191,8.5,RIG 1
9/10/20 17:05,9/10/20 17:21,R14,H4,3.900000095,6.900000095,RIG 1
9/10/20 17:29,9/10/20 17:42,R14,H3,3.400000095,6,RIG 1
9/10/20 17:44,9/10/20 17:57,R14,H2,3.200000048,5.599999905,RIG 1
9/10/20 18:05,9/10/20 18:37,L12,H1,6.900000095,12.39999962,RIG 1
9/10/20 18:41,9/10/20 19:18,L12,H2,8.399999619,15.10000038,RIG 1
9/10/20 19:24,9/10/20 20:03,L12,H3,9.399999619,16.79999924,RIG 1
9/10/20 20:12,9/10/20 23:59,L12,H4,10.19999981,18.29999924,RIG 1
10/10/20 0:03,10/10/20 0:43,L12,H9,5.800000191,10.39999962,RIG 1
10/10/20 0:46,10/10/20 1:40,L12,H5,10.89999962,19.60000038,RIG 1
10/10/20 2:23,10/10/20 2:23,L12,H8,7.699999809,13.69999981,RIG 1
10/10/20 2:26,10/10/20 3:24,L12,H6,12.19999981,21.79999924,RIG 1
10/10/20 3:39,10/10/20 3:57,L12,H10,4.5,7.900000095,RIG 1
10/10/20 4:05,10/10/20 4:53,L12,H7,9.899999619,17.60000038,RIG 1
10/10/20 4:58,10/10/20 5:20,L13,H14,4,7.199999809,RIG 1
10/10/20 5:22,10/10/20 5:46,L13,H13,5.199999809,9.199999809,RIG 1
10/10/20 6:00,10/10/20 6:12,R15,H10,2.099999905,3.700000048,RIG 1
10/10/20 6:18,10/10/20 6:38,R15,H9,5.199999809,9.199999809,RIG 1
10/10/20 6:49,10/10/20 7:14,R15,H8,5.900000095,10.5,RIG 1
10/10/20 7:21,10/10/20 7:44,R15,H7,5.900000095,10.60000038,RIG 1
10/10/20 7:51,10/10/20 7:51,L13,H12,6.699999809,12,RIG 1
10/10/20 7:53,10/10/20 8:22,L13,H12-rev,6.699999809,12,RIG 1
10/10/20 8:27,10/10/20 11:17,L13,H10,11.89999962,21.39999962,RIG 1
10/10/20 11:23,10/10/20 11:24,L13,H1,1,1.799999952,RIG 1
10/10/20 11:29,10/10/20 11:31,L13,H2,4.099999905,7.199999809,RIG 1
10/10/20 11:49,10/10/20 11:50,L13,H3,5.199999809,9.300000191,RIG 1
10/10/20 12:18,10/10/20 12:49,L13,H4,6.800000191,12.10000038,RIG 1
10/10/20 12:54,10/10/20 13:09,R15,H1,3.5,6.199999809,RIG 1
10/10/20 13:15,10/10/20 13:49,L13,H5,8.300000191,14.89999962,RIG 1
10/10/20 13:56,10/10/20 14:31,L13,H6,8.699999809,15.60000038,RIG 1
10/10/20 14:38,10/10/20 15:17,L13,H7,9.5,17.10000038,RIG 1
10/10/20 15:26,10/10/20 16:10,L13,H8,10.19999981,18.29999924,RIG 1
10/10/20 16:35,10/10/20 17:18,L13,H9,10.89999962,19.5,RIG 1
10/10/20 17:28,10/10/20 18:08,L13,H11,9.199999809,16.39999962,RIG 1
10/10/20 18:22,10/10/20 18:44,R15,H6,6,10.69999981,RIG 1
10/10/20 18:50,10/10/20 19:03,R15,H2,3.200000048,5.699999809,RIG 1
10/10/20 19:08,10/10/20 19:26,R15,H5,4.599999905,8.300000191,RIG 1
10/10/20 19:29,10/10/20 19:47,R15,H4,3.900000095,6.900000095,RIG 1
10/10/20 19:50,10/10/20 19:59,R15,H3,3.400000095,6,RIG 1
11/10/20 3:12,11/10/20 3:30,L1,H1,2.900000095,5.199999809,RIG 1
11/10/20 3:34,11/10/20 3:44,L1,H13,2.299999952,4.099999905,RIG 1
11/10/20 3:45,11/10/20 3:59,L1,H12,2.5,4.300000191,RIG 1
11/10/20 4:01,11/10/20 4:12,L1,H11,2.799999952,4.900000095,RIG 1
11/10/20 4:36,11/10/20 4:36,L1,H10,3.400000095,6.099999905,RIG 1
11/10/20 4:39,11/10/20 4:55,L1A,H14,2.400000095,4.199999809,RIG 1
11/10/20 4:58,11/10/20 5:31,L1,H2,5.599999905,10,RIG 1
11/10/20 5:32,11/10/20 6:12,L1,H3,5.599999905,9.899999619,RIG 1
11/10/20 6:13,11/10/20 6:34,L1,H4,5.599999905,10,RIG 1
11/10/20 6:39,11/10/20 7:35,L1,H5,5.699999809,10.19999981,RIG 1
11/10/20 15:11,11/10/20 15:31,L1,H6,6,10.69999981,RIG 1
11/10/20 15:36,11/10/20 15:58,L1,H7,6.599999905,11.80000019,RIG 1
11/10/20 16:06,11/10/20 16:32,L1,H8,6.599999905,11.80000019,RIG 1
11/10/20 16:34,11/10/20 16:58,L1,H9,6.599999905,11.80000019,RIG 1
11/10/20 17:05,11/10/20 17:09,L1A,H1,0.899999976,1.600000024,RIG 1
11/10/20 17:12,11/10/20 17:31,L1A,H2,5.5,9.800000191,RIG 1
11/10/20 17:35,11/10/20 17:55,L1A,H3,5.599999905,9.899999619,RIG 1
11/10/20 18:00,11/10/20 18:21,L1A,H4,5.599999905,9.899999619,RIG 1
11/10/20 18:24,11/10/20 18:46,L1A,H5,5.699999809,10.10000038,RIG 1
11/10/20 18:53,11/10/20 19:25,L1E,H1,1,1.600000024,RIG 1
11/10/20 19:27,11/10/20 19:45,L1C,H1,2.900000095,5.199999809,RIG 1
11/10/20 19:47,11/10/20 20:06,L1C,H2,5.599999905,10,RIG 1
11/10/20 20:16,11/10/20 20:25,L1C,H15,2.299999952,4.099999905,RIG 1
12/10/20 2:10,12/10/20 2:49,L1E,H2,5.5,9.800000191,RIG 1
12/10/20 2:57,12/10/20 3:10,L2,H1,2.900000095,5.199999809,RIG 1
12/10/20 3:13,12/10/20 3:39,L2,H2,5.599999905,10,RIG 1
12/10/20 3:42,12/10/20 4:08,L2,H3,5.599999905,10,RIG 1
12/10/20 4:10,12/10/20 4:38,L2,H4,5.699999809,10.10000038,RIG 1
12/10/20 4:40,12/10/20 5:06,L2,H5,5.800000191,10.39999962,RIG 1
12/10/20 5:09,12/10/20 5:32,L2,H6,6.099999905,10.80000019,RIG 1
12/10/20 5:39,12/10/20 5:54,L2,H13,2.5,4.5,RIG 1
12/10/20 6:56,12/10/20 7:08,L2,H12,2.700000048,4.800000191,RIG 1
12/10/20 7:12,12/10/20 7:24,L2,H11-rev,3,5.400000095,RIG 1
12/10/20 7:34,12/10/20 7:53,L2,H10,3.599999905,6.400000095,RIG 1
12/10/20 7:54,12/10/20 8:16,L1E,H3,5.599999905,10,RIG 1
12/10/20 8:18,12/10/20 11:46,L1E,H4,5.599999905,10,RIG 1
12/10/20 11:53,12/10/20 12:17,L1E,H5,5.699999809,10.19999981,RIG 1
12/10/20 12:32,12/10/20 12:51,L1C,H3,5.599999905,10,RIG 1
12/10/20 12:59,12/10/20 13:20,L1C,H4,5.699999809,10.10000038,RIG 1
12/10/20 13:24,12/10/20 13:46,L1C,H5,5.800000191,10.39999962,RIG 1
12/10/20 13:51,12/10/20 14:14,L1C,H6,6.099999905,10.89999962,RIG 1
12/10/20 14:19,12/10/20 14:29,L1C,H14,2.599999905,4.5,RIG 1
12/10/20 14:36,12/10/20 15:00,L1A,H6,5.900000095,10.5,RIG 1
12/10/20 15:04,12/10/20 15:14,L1A,H13,2.599999905,4.599999905,RIG 1
12/10/20 15:18,12/10/20 15:42,L1A,H7,6.199999809,11.10000038,RIG 1
12/10/20 15:45,12/10/20 15:57,L1A,H12,3,5.400000095,RIG 1
12/10/20 16:03,12/10/20 16:18,L1A,H11,3.900000095,6.900000095,RIG 1
12/10/20 16:20,12/10/20 16:32,L1C,H13,2.900000095,5.099999905,RIG 1
12/10/20 16:34,12/10/20 16:52,L1C,H12,3.5,6.199999809,RIG 1
12/10/20 19:12,12/10/20 19:34,L1E,H6,5.900000095,10.60000038,RIG 1
12/10/20 19:37,12/10/20 20:02,L1E,H7,6.300000191,11.19999981,RIG 1
12/10/20 20:08,12/10/20 23:46,L2,H7,6.599999905,11.80000019,RIG 1
13/10/20 0:03,13/10/20 0:17,L1E,H14,2.5,4.5,RIG 1
13/10/20 0:19,13/10/20 0:32,L1E,H13,2.700000048,4.800000191,RIG 1
13/10/20 0:39,13/10/20 0:59,L1E,H12,3.099999905,5.5,RIG 1
13/10/20 1:02,13/10/20 1:21,L1E,H11,4,7,RIG 1
13/10/20 1:41,13/10/20 1:41,L3,H1,1.200000048,2,RIG 1
13/10/20 1:43,13/10/20 2:04,L3,H2,5.800000191,10.30000019,RIG 1
13/10/20 2:09,13/10/20 2:32,L3,H3,5.699999809,10.19999981,RIG 1
13/10/20 2:33,13/10/20 3:10,L3,H4,5.699999809,10.10000038,RIG 1
13/10/20 3:25,13/10/20 3:48,L3,H5,5.900000095,10.5,RIG 1
13/10/20 4:02,13/10/20 4:25,L3,H6,6.199999809,11.19999981,RIG 1
13/10/20 4:32,13/10/20 4:51,L3,H7,4.400000095,7.900000095,RIG 1
13/10/20 4:56,13/10/20 5:14,L3,H8,3.5,6.199999809,RIG 1
13/10/20 5:18,13/10/20 5:34,L3,H9,3,5.199999809,RIG 1
13/10/20 5:35,13/10/20 5:38,L3,H10,2.900000095,5.099999905,RIG 1
13/10/20 5:58,13/10/20 6:12,L3A,H1,3,5.300000191,RIG 1
13/10/20 6:18,13/10/20 6:29,L3A,H2,3,5.300000191,RIG 1
13/10/20 6:33,13/10/20 6:44,L3A,H3,3.5,6.199999809,RIG 1
13/10/20 7:03,13/10/20 7:07,L4,H1,1.299999952,2.200000048,RIG 1
13/10/20 7:15,13/10/20 7:39,L4,H2,5.800000191,10.30000019,RIG 1
13/10/20 7:42,13/10/20 8:06,L4,H3,5.699999809,10.19999981,RIG 1
13/10/20 8:21,13/10/20 8:33,L4,H10,3.099999905,5.5,RIG 1
13/10/20 8:41,13/10/20 12:04,L4,H4,5.699999809,10.19999981,RIG 1
13/10/20 12:12,13/10/20 12:34,L4,H5,5.900000095,10.60000038,RIG 1
13/10/20 12:38,13/10/20 12:58,L4,H6,6.400000095,11.5,RIG 1
13/10/20 13:03,13/10/20 13:19,L4,H7,4.800000191,8.5,RIG 1
13/10/20 13:22,13/10/20 13:36,L4,H8,3.700000048,6.5,RIG 1
13/10/20 13:38,13/10/20 13:50,L4,H9,3.099999905,5.5,RIG 1
13/10/20 13:52,13/10/20 14:03,L4,H11,3.400000095,6,RIG 1
13/10/20 14:09,13/10/20 14:21,L4,H12,3.799999952,6.699999809,RIG 1
13/10/20 14:27,13/10/20 14:37,L4A,H1,3,5.199999809,RIG 1
13/10/20 14:40,13/10/20 15:17,L4A,H2,3.200000048,5.699999809,RIG 1
13/10/20 15:19,13/10/20 15:32,L4A,H3,3.700000048,6.5,RIG 1
13/10/20 15:39,13/10/20 15:44,L5,H1,1.399999976,2.400000095,RIG 1
13/10/20 15:45,13/10/20 16:10,L5,H2,5.900000095,10.60000038,RIG 1
13/10/20 16:11,13/10/20 16:30,L5,H3,5.699999809,10.19999981,RIG 1
13/10/20 16:33,13/10/20 16:52,L5,H4,5.699999809,10.19999981,RIG 1
13/10/20 16:58,13/10/20 17:18,L5,H5,5.900000095,10.5,RIG 1
13/10/20 17:23,13/10/20 17:43,L5,H6,6.400000095,11.39999962,RIG 1
13/10/20 17:50,13/10/20 18:04,L5,H7,4.800000191,8.5,RIG 1
13/10/20 18:09,13/10/20 18:23,L5,H8,4,7,RIG 1
13/10/20 18:26,13/10/20 18:38,L5,H9,3.400000095,6.099999905,RIG 1
13/10/20 18:43,13/10/20 18:55,L5,H10,3.299999952,5.900000095,RIG 1
13/10/20 19:07,13/10/20 19:22,L5,H11,3.5,6.099999905,RIG 1
13/10/20 19:23,13/10/20 19:38,L5,H12,3.900000095,6.900000095,RIG 1
13/10/20 19:42,13/10/20 19:51,L5A,H1,2.900000095,5.099999905,RIG 1
13/10/20 19:56,13/10/20 20:03,L6,H1,1.299999952,2.299999952,RIG 1
13/10/20 20:04,13/10/20 20:25,L6,H2,5.699999809,10.30000019,RIG 1
13/10/20 20:30,13/10/20 20:47,L6,H3,5.699999809,10.19999981,RIG 1
14/10/20 4:26,14/10/20 4:58,L6,H4,5.800000191,10.30000019,RIG 1
14/10/20 5:01,14/10/20 5:36,L6,H5,6.099999905,10.80000019,RIG 1
14/10/20 5:44,14/10/20 8:03,L6,H6,6.599999905,11.89999962,RIG 1
14/10/20 8:08,14/10/20 8:32,L6,H7,5,9,RIG 1
14/10/20 8:34,14/10/20 10:48,L6,H8,4,7.199999809,RIG 1
14/10/20 10:53,14/10/20 11:15,L6,H9,3.400000095,6.099999905,RIG 1
14/10/20 11:18,14/10/20 11:41,L6,H10,3.400000095,6.099999905,RIG 1
14/10/20 11:44,14/10/20 12:03,L6,H11,3.799999952,6.800000191,RIG 1
14/10/20 12:04,14/10/20 12:06,L6,H12,1.600000024,2.799999952,RIG 1
14/10/20 12:15,14/10/20 12:26,L7,H1,1.299999952,2.299999952,RIG 1
14/10/20 12:30,14/10/20 12:49,L7,H2,3.599999905,6.400000095,RIG 1
14/10/20 12:55,14/10/20 13:13,L7,H3,3.599999905,6.400000095,RIG 1
14/10/20 13:26,14/10/20 13:44,L7,H4,4.099999905,7.300000191,RIG 1
14/10/20 13:49,14/10/20 13:57,L7,H5,1.700000048,3,RIG 1
14/10/20 14:07,14/10/20 14:10,L8,H1,1.299999952,2.200000048,RIG 1
14/10/20 14:16,14/10/20 14:30,L8,H2,3.799999952,6.800000191,RIG 1
14/10/20 14:36,14/10/20 14:53,L8,H3,3.799999952,6.800000191,RIG 1
14/10/20 14:55,14/10/20 15:12,L8,H4,4.300000191,7.699999809,RIG 1
14/10/20 15:17,14/10/20 15:26,L8,H5,1.799999952,3.200000048,RIG 1
14/10/20 15:31,14/10/20 15:39,L9,H1,1.299999952,2.200000048,RIG 1
14/10/20 15:42,14/10/20 15:57,L9,H2,3.900000095,7,RIG 1
14/10/20 16:04,14/10/20 16:32,L9,H3,4,7,RIG 1
14/10/20 16:35,14/10/20 16:57,L9,H4,4.5,8,RIG 1
14/10/20 16:59,14/10/20 18:48,L9,H5,1.799999952,3.099999905,RIG 1
15/10/20 14:51,21/1/21 4:24,L10,H1,1.299999952,2.299999952,RIG 1
15/10/20 15:00,21/1/21 4:20,L10,H2,5.800000191,10.30000019,RIG 1
15/10/20 15:24,21/1/21 4:10,L10,H3,5.699999809,10.19999981,RIG 1
15/10/20 15:48,21/1/21 4:00,L10,H4,5.800000191,10.30000019,RIG 1
15/10/20 16:14,21/1/21 3:49,L10,H5,5.900000095,10.39999962,RIG 1
15/10/20 16:39,21/1/21 3:38,L10,H6,6,10.80000019,RIG 1
15/10/20 17:10,21/1/21 3:23,L10,H7,6.400000095,11.39999962,RIG 1
15/10/20 17:39,21/1/21 3:00,L10,H8,6.800000191,12.19999981,RIG 1
15/10/20 18:12,21/1/21 2:24,L10,H9,6.800000191,12.19999981,RIG 1
15/10/20 18:38,21/1/21 2:05,L10,H10,6.800000191,12.19999981,RIG 1
15/10/20 19:11,21/1/21 1:51,L10,H11,4.900000095,8.699999809,RIG 1
15/10/20 19:34,21/1/21 1:51,L10,H12,4.300000191,7.599999905,RIG 1
15/10/20 23:58,21/1/21 1:51,L10,H13,3.900000095,7,RIG 1
16/10/20 0:21,21/1/21 1:50,L10,H14,3.799999952,6.699999809,RIG 1
16/10/20 0:38,21/1/21 1:50,L10,H15,4,7.099999905,RIG 1
16/10/20 1:11,21/1/21 1:09,L10,H16,4.400000095,7.800000191,RIG 1
16/10/20 1:16,21/1/21 1:03,L10,H17,2.099999905,3.700000048,RIG 1
16/10/20 1:43,21/1/21 4:36,L10A,H17,4.5,7.900000095,RIG 1
16/10/20 2:08,21/1/21 4:44,L10A,H16,4.199999809,7.400000095,RIG 1
16/10/20 2:25,21/1/21 4:51,L10A,H15,3.900000095,6.900000095,RIG 1
16/10/20 3:06,21/1/21 5:04,L10A,H14,3.900000095,6.900000095,RIG 1
16/10/20 3:27,21/1/21 5:17,L10A,H13,4.099999905,7.199999809,RIG 1
16/10/20 3:57,21/1/21 5:20,L10A,H12,4.5,8,RIG 1
16/10/20 4:21,21/1/21 7:20,L10A,H1,3.099999905,5.400000095,RIG 1
16/10/20 4:40,21/1/21 7:16,L10A,H2,5.800000191,10.30000019,RIG 1
16/10/20 5:13,21/1/21 7:06,L10A,H3,5.699999809,10.19999981,RIG 1
16/10/20 6:17,21/1/21 6:56,L10A,H4,5.800000191,10.39999962,RIG 1
16/10/20 6:21,21/1/21 6:47,L10A,H5,5.900000095,10.60000038,RIG 1
16/10/20 6:57,21/1/21 6:37,L10A,H6,6.199999809,11.10000038,RIG 1
16/10/20 7:26,21/1/21 5:27,L10A,H11,5.300000191,9.399999619,RIG 1
16/10/20 13:00,16/10/20 13:57,L1A,H8,6.599999905,11.80000019,RIG 1
16/10/20 14:48,16/10/20 15:20,L1A,H10,6.599999905,11.80000019,RIG 1
16/10/20 16:38,16/10/20 17:37,L1A,H9,6.900000095,12.30000019,RIG 1
16/10/20 17:41,16/10/20 19:18,L1B,H1,6.900000095,12.30000019,RIG 1
16/10/20 18:27,16/10/20 19:15,L1B,H2,6.900000095,12.30000019,RIG 1
16/10/20 20:05,16/10/20 20:05,L1C,H7,6.599999905,11.80000019,RIG 1
17/10/20 0:48,17/10/20 1:14,L1C,H9,6.599999905,11.80000019,RIG 1
17/10/20 1:14,17/10/20 1:14,L1C,H8,6.900000095,12.30000019,RIG 1
17/10/20 3:06,17/10/20 3:06,L1C,H10,6.900000095,12.30000019,RIG 1
17/10/20 3:11,17/10/20 3:32,L1C,H11-rev,6.599999905,11.89999962,RIG 1
17/10/20 5:50,17/10/20 5:51,L1D,H1,6.900000095,12.30000019,RIG 1
17/10/20 5:51,17/10/20 6:25,L1D,H2,6.900000095,12.30000019,RIG 1
17/10/20 6:33,17/10/20 6:55,L1E,H8,6.599999905,11.80000019,RIG 1
17/10/20 7:52,17/10/20 8:18,L1E,H9,6.900000095,12.30000019,RIG 1
17/10/20 8:28,17/10/20 11:28,L1E,H10,6.599999905,11.80000019,RIG 1
17/10/20 11:33,17/10/20 11:58,L2,H8,6.599999905,11.80000019,RIG 1
17/10/20 12:08,17/10/20 12:28,L2,H9-rev,6.599999905,12,RIG 1
17/10/20 16:47,21/1/21 6:25,L10A,H7,6.599999905,11.69999981,RIG 1
17/10/20 17:24,21/1/21 6:04,L10A,H8,6.800000191,12.19999981,RIG 1
17/10/20 18:32,21/1/21 5:43,L10A,H10,6.800000191,12.19999981,RIG 1
17/10/20 19:55,21/1/21 7:37,L10A,H9,7.099999905,12.69999981,RIG 1
17/10/20 23:54,21/1/21 8:05,L10B,H1,7.099999905,12.69999981,RIG 1
18/10/20 0:47,21/1/21 7:51,L10B,H2,7.099999905,12.69999981,RIG 1
18/10/20 1:48,21/1/21 11:28,L10C,H1,1.299999952,2.299999952,RIG 1
18/10/20 1:57,21/1/21 11:30,L10C,H2,5.800000191,10.30000019,RIG 1
18/10/20 2:29,21/1/21 11:42,L10C,H3,5.699999809,10.19999981,RIG 1
18/10/20 2:55,21/1/21 11:54,L10C,H4,5.699999809,10.19999981,RIG 1
18/10/20 3:20,21/1/21 12:07,L10C,H5,5.800000191,10.39999962,RIG 1
18/10/20 3:48,21/1/21 12:18,L10C,H6,6,10.80000019,RIG 1
18/10/20 4:17,21/1/21 12:31,L10C,H7,6.400000095,11.39999962,RIG 1
18/10/20 4:49,21/1/21 12:46,L10C,H8,6.800000191,12.19999981,RIG 1
18/10/20 6:19,21/1/21 8:27,L10C,H9-rev,7.099999905,12.69999981,RIG 1
18/10/20 7:07,21/1/21 13:41,L10C,H10,6.800000191,12.10000038,RIG 1
18/10/20 7:36,18/10/20 7:37,L10C,H19,2,3.599999905,RIG 1
18/10/20 7:45,18/10/20 7:55,L10C,H18,4.400000095,7.699999809,RIG 1
18/10/20 8:12,18/10/20 13:08,L10C,H17,4,7.199999809,RIG 1
18/10/20 13:12,18/10/20 13:25,L10C,H16,3.799999952,6.800000191,RIG 1
18/10/20 13:29,18/10/20 13:45,L10C,H15,4,7,RIG 1
18/10/20 13:50,18/10/20 14:05,L10C,H14,4.300000191,7.599999905,RIG 1
18/10/20 14:10,18/10/20 14:29,L10C,H13,4.900000095,8.699999809,RIG 1
18/10/20 14:34,21/1/21 14:02,L10C,H12,6.800000191,12.19999981,RIG 1
18/10/20 15:43,21/1/21 8:41,L10C,H11,7.099999905,12.69999981,RIG 1
18/10/20 18:19,21/1/21 14:12,L10E,H1,3,5.400000095,RIG 1
18/10/20 18:31,21/1/21 14:21,L10E,H2,5.699999809,10.19999981,RIG 1
18/10/20 18:59,21/1/21 14:33,L10E,H3,5.699999809,10.19999981,RIG 1
18/10/20 19:26,21/1/21 15:01,L10E,H4,5.800000191,10.30000019,RIG 1
18/10/20 19:48,21/1/21 15:24,L10E,H5,5.900000095,10.60000038,RIG 1
18/10/20 20:12,21/1/21 15:46,L10E,H6,6.199999809,11,RIG 1
18/10/20 20:37,18/10/20 23:36,L10E,H7,6.5,11.69999981,RIG 1
18/10/20 23:42,21/1/21 16:28,L10E,H8,6.800000191,12.10000038,RIG 1
19/10/20 1:01,19/10/20 1:21,L10E,H17,4.400000095,7.800000191,RIG 1
19/10/20 1:23,19/10/20 1:37,L10E,H16,4.099999905,7.400000095,RIG 1
19/10/20 1:41,19/10/20 2:02,L10E,H15-rev,3.900000095,7,RIG 1
19/10/20 2:11,19/10/20 2:29,L10E,H14,3.900000095,6.900000095,RIG 1
19/10/20 2:51,19/10/20 2:51,L10E,H13-rev,4.099999905,7.300000191,RIG 1
19/10/20 2:55,19/10/20 3:10,L10E,H12,4.5,8,RIG 1
19/10/20 3:18,19/10/20 3:48,L10E,H9,7.099999905,12.60000038,RIG 1
19/10/20 4:52,21/1/21 18:00,L10D,H2,7.099999905,12.69999981,RIG 1
19/10/20 5:28,19/10/20 6:03,L10D,H1,7.099999905,12.69999981,RIG 1
19/10/20 6:07,21/1/21 16:47,L10E,H10,6.800000191,12.19999981,RIG 1
19/10/20 6:38,19/10/20 6:57,L10E,H11,5.300000191,9.399999619,RIG 1
19/10/20 11:28,19/10/20 12:33,L1,H1,3.099999905,5.5,RIG 1
19/10/20 12:36,19/10/20 12:49,L1,H2,3.099999905,5.599999905,RIG 1
19/10/20 13:02,19/10/20 13:10,L2,H1,1.700000048,2.900000095,RIG 1
19/10/20 13:13,19/10/20 13:32,L2,H2,4.699999809,8.399999619,RIG 1
19/10/20 13:37,19/10/20 13:55,L2,H3,5,9,RIG 1
19/10/20 14:32,19/10/20 14:57,L2,H4,4.699999809,8.300000191,RIG 1
19/10/20 15:01,19/10/20 15:37,L2,H5,8.300000191,14.80000019,RIG 1
19/10/20 15:43,19/10/20 16:17,L2,H6,7.300000191,13,RIG 1
19/10/20 16:38,19/10/20 17:02,L2,H7,6.400000095,11.39999962,RIG 1
19/10/20 17:09,19/10/20 17:32,L2,H8,5.800000191,10.30000019,RIG 1
19/10/20 17:37,19/10/20 18:01,L2,H9,5.5,9.800000191,RIG 1
19/10/20 18:07,19/10/20 18:20,L2,H10,4.099999905,7.400000095,RIG 1
19/10/20 18:26,19/10/20 18:39,L2,H11,3.299999952,5.900000095,RIG 1
19/10/20 18:41,19/10/20 18:52,L2,H12,3,5.300000191,RIG 1
19/10/20 19:01,19/10/20 19:05,L3,H1,1.5,2.599999905,RIG 1
19/10/20 19:10,19/10/20 19:27,L3,H2,4.5,8.100000381,RIG 1
19/10/20 19:31,19/10/20 19:55,L3,H3,5.800000191,10.39999962,RIG 1
19/10/20 23:48,20/10/20 0:49,L3,H4,7.199999809,13,RIG 1
20/10/20 0:50,20/10/20 1:33,L3,H5,8.600000381,15.30000019,RIG 1
20/10/20 1:37,20/10/20 2:25,L3,H6,9.600000381,17.20000076,RIG 1
20/10/20 3:59,20/10/20 4:36,L3,H7-rev,10.10000038,18.10000038,RIG 1
20/10/20 4:48,20/10/20 5:41,L3,H8,11.10000038,19.89999962,RIG 1
20/10/20 5:55,20/10/20 5:59,L3,H9,8.800000191,15.80000019,RIG 1
20/10/20 6:42,20/10/20 7:15,L3,H10,6.900000095,12.30000019,RIG 1
20/10/20 7:21,20/10/20 7:43,L3,H11,5.199999809,9.300000191,RIG 1
20/10/20 7:48,20/10/20 8:04,L3,H13,3.299999952,5.800000191,RIG 1
20/10/20 8:08,20/10/20 8:25,L3,H12,4.099999905,7.199999809,RIG 1
20/10/20 8:30,20/10/20 12:02,L4,H8,7.300000191,13,RIG 1
20/10/20 12:06,20/10/20 12:13,L4,H1,0.800000012,1.399999976,RIG 1
20/10/20 12:19,20/10/20 12:37,L4,H2,3.200000048,5.599999905,RIG 1
20/10/20 12:45,20/10/20 14:02,L4,H7,6.599999905,11.69999981,RIG 1
20/10/20 14:06,20/10/20 14:29,L4,H3,5.400000095,9.600000381,RIG 1
20/10/20 14:59,20/10/20 14:59,L4,H4,5.5,9.800000191,RIG 1
20/10/20 15:02,20/10/20 15:35,L4,H5,5.699999809,10.30000019,RIG 1
20/10/20 16:11,20/10/20 16:11,L4,H6,6.099999905,10.80000019,RIG 1
20/10/20 16:18,20/10/20 16:48,L4,H9,7.5,13.5,RIG 1
20/10/20 17:20,20/10/20 17:27,L4,H10,5.900000095,10.5,RIG 1
20/10/20 17:30,20/10/20 17:53,L4,H11,4.5,8,RIG 1
20/10/20 17:55,20/10/20 18:11,L4,H12,3.400000095,6,RIG 1
20/10/20 18:15,20/10/20 18:34,L4,H13,2.900000095,5.199999809,RIG 1
21/10/20 6:33,21/10/20 6:38,L7A,H1,1.200000048,2.099999905,RIG 1
21/10/20 6:40,21/10/20 7:00,L7A,H2,4.199999809,7.400000095,RIG 1
21/10/20 7:04,21/10/20 7:31,L7A,H3,5.400000095,9.699999809,RIG 1
21/10/20 7:36,21/10/20 8:01,L7A,H4,7,12.5,RIG 1
21/10/20 8:06,21/10/20 8:14,L7A,H14,3.5,6.199999809,RIG 1
21/10/20 8:24,21/10/20 12:21,L7A,H7,10.10000038,18,RIG 1
21/10/20 12:38,21/10/20 13:12,L7A,H5,8.300000191,14.80000019,RIG 1
21/10/20 13:20,21/10/20 13:45,L7A,H12,5.099999905,9,RIG 1
21/10/20 13:47,21/10/20 14:23,L7A,H6,9.199999809,16.5,RIG 1
21/10/20 14:28,21/10/20 14:53,L7A,H11,6.400000095,11.39999962,RIG 1
21/10/20 15:00,21/10/20 15:40,L7A,H10,8.399999619,15,RIG 1
21/10/20 15:41,21/10/20 16:04,L7A,H13,4.199999809,7.400000095,RIG 1
21/10/20 16:07,21/10/20 17:07,L7A,H8,11,19.79999924,RIG 1
21/10/20 18:00,21/10/20 18:00,L7A,H9,10.89999962,19.60000038,RIG 1
22/10/20 1:44,22/10/20 2:05,P6,H21,4.800000191,8.5,RIG 1
22/10/20 2:07,22/10/20 2:25,P6,H20,5.300000191,9.399999619,RIG 1
22/10/20 2:33,22/10/20 2:54,P6,H19,6.300000191,11.19999981,RIG 1
22/10/20 4:27,22/10/20 4:58,P6,H18-rev,8,14.10000038,RIG 1
22/10/20 5:29,22/10/20 6:36,P6,H17,9.600000381,17.10000038,RIG 1
22/10/20 7:05,22/10/20 7:18,T1,H23,4,7.099999905,RIG 1
22/10/20 7:41,22/10/20 8:00,T1,H22,5,9,RIG 1
22/10/20 8:13,22/10/20 8:34,T1,H21-rev,5.5,9.800000191,RIG 1
22/10/20 12:02,22/10/20 12:30,T1,H20,6.199999809,11.10000038,RIG 1
22/10/20 12:33,22/10/20 13:09,T1,H19,7.199999809,12.80000019,RIG 1
22/10/20 13:13,22/10/20 13:47,T1,H18,8.100000381,14.60000038,RIG 1
22/10/20 13:58,22/10/20 14:41,T1,H17,9.300000191,16.60000038,RIG 1
22/10/20 14:58,22/10/20 15:51,T2,H14,8.800000191,15.80000019,RIG 1
22/10/20 16:27,22/10/20 16:28,T2,H16,6.400000095,11.39999962,RIG 1
22/10/20 16:30,22/10/20 17:05,T2,H15,7.5,13.5,RIG 1
22/10/20 17:14,22/10/20 17:35,T3,H25,5.099999905,9.199999809,RIG 1
22/10/20 17:40,22/10/20 18:00,T3,H24,5.599999905,10,RIG 1
22/10/20 18:07,22/10/20 18:32,T3,H23,6.199999809,11.10000038,RIG 1
22/10/20 18:42,22/10/20 19:09,T3,H22,7.099999905,12.69999981,RIG 1
22/10/20 19:15,22/10/20 19:51,T3,H21,8.300000191,14.89999962,RIG 1
22/10/20 19:54,22/10/20 20:13,T3,H20,9.300000191,16.60000038,RIG 1
23/10/20 1:04,23/10/20 1:18,R1A,H2,2.799999952,4.900000095,RIG 1
23/10/20 1:25,6/11/20 0:09,R1A,H1,9.5,17.29999924,RIG 1
23/10/20 2:12,23/10/20 2:18,R1,H9,1.5,2.599999905,RIG 1
23/10/20 2:20,6/11/20 0:37,R1,H8,4.099999905,7.800000191,RIG 1
23/10/20 2:46,6/11/20 0:50,R1,H7,5.800000191,11,RIG 1
23/10/20 3:35,6/11/20 1:16,R1,H6,8.600000381,16.10000038,RIG 1
23/10/20 5:14,6/11/20 1:51,R1,H5,9.100000381,17,RIG 1
23/10/20 5:55,23/10/20 6:22,R1,H4,8.600000381,15.39999962,RIG 1
23/10/20 6:31,23/10/20 6:51,R1,H3,5.5,9.899999619,RIG 1
23/10/20 7:00,23/10/20 7:13,R1,H2,3.200000048,5.699999809,RIG 1
23/10/20 7:16,23/10/20 7:26,R1,H1,2.299999952,4,RIG 1
23/10/20 7:39,23/10/20 7:48,L1,H1,2,3.599999905,RIG 1
23/10/20 7:53,23/10/20 8:02,L1,H2,2.799999952,4.900000095,RIG 1
23/10/20 8:05,23/10/20 8:15,L1,H3,2.900000095,5.199999809,RIG 1
23/10/20 8:20,23/10/20 8:34,L1,H4,3.299999952,5.800000191,RIG 1
23/10/20 8:41,6/11/20 3:03,R2,H13,7.800000191,14.60000038,RIG 1
23/10/20 12:31,23/10/20 12:39,R2,H16,1.5,2.599999905,RIG 1
23/10/20 12:44,6/11/20 2:44,R2,H15,3.799999952,7.400000095,RIG 1
23/10/20 13:02,6/11/20 3:03,R2,H14,5.300000191,10.19999981,RIG 1
23/10/20 13:29,23/10/20 13:51,R2,H10,5.199999809,9.300000191,RIG 1
23/10/20 13:53,6/11/20 3:31,R2,H12,9,16.70000076,RIG 1
23/10/20 15:48,23/10/20 15:49,R2,H11,9.100000381,16.29999924,RIG 1
23/10/20 15:50,23/10/20 16:05,R2,H9,2.900000095,5.099999905,RIG 1
23/10/20 16:07,23/10/20 16:08,R2,H8,1.700000048,3,RIG 1
23/10/20 16:26,6/11/20 2:15,R2A,H2,9.300000191,17.20000076,RIG 1
24/10/20 18:51,24/10/20 18:51,R20,H11,1.200000048,2,RIG 1
24/10/20 18:54,24/10/20 19:57,R20,H10,6.800000191,12.19999981,RIG 1
24/10/20 20:01,24/10/20 23:33,R20,H9-rev,6.900000095,12.30000019,RIG 1
24/10/20 23:43,25/10/20 0:21,R20,H8,6.900000095,12.39999962,RIG 1
25/10/20 6:21,25/10/20 7:22,R20,H7,7.199999809,12.89999962,RIG 1
25/10/20 7:28,25/10/20 7:56,R20,H6,7.699999809,13.69999981,RIG 1
25/10/20 8:07,25/10/20 11:43,R20,H5,8.5,15.19999981,RIG 1
25/10/20 11:50,25/10/20 12:33,R20,H4,9.600000381,17.10000038,RIG 1
25/10/20 12:37,25/10/20 13:06,R20,H3-rev,7.599999905,13.39999962,RIG 1
25/10/20 13:12,25/10/20 13:41,R20,H1,5.199999809,9.199999809,RIG 1
25/10/20 13:43,25/10/20 14:11,R20,H2,6.099999905,10.80000019,RIG 1
25/10/20 14:16,25/10/20 14:29,R20A,H1,2.799999952,5,RIG 1
25/10/20 14:51,25/10/20 15:03,L21,H1,1.5,2.5,RIG 1
25/10/20 15:05,25/10/20 17:26,L21,H2,5.800000191,10.30000019,RIG 1
25/10/20 17:42,25/10/20 18:04,L21,H3,5.699999809,10.10000038,RIG 1
25/10/20 18:06,25/10/20 18:32,L21,H4,5.800000191,10.30000019,RIG 1
25/10/20 18:39,25/10/20 19:08,L21,H5,6,10.80000019,RIG 1
25/10/20 19:09,25/10/20 19:36,L21,H6,6.699999809,11.89999962,RIG 1
25/10/20 19:41,25/10/20 20:03,L21,H7-rev,6.199999809,11.10000038,RIG 1
25/10/20 20:13,26/10/20 0:03,R21,H4,9,16.10000038,RIG 1
26/10/20 0:05,26/10/20 0:19,R21,H11,1.200000048,2.099999905,RIG 1
26/10/20 0:23,26/10/20 0:47,R21,H10,6.800000191,12.19999981,RIG 1
26/10/20 1:03,26/10/20 1:32,R21,H9,6.800000191,12.19999981,RIG 1
26/10/20 1:39,26/10/20 2:21,R21,H8,6.900000095,12.39999962,RIG 1
26/10/20 2:23,26/10/20 2:53,R21,H7,7.099999905,12.80000019,RIG 1
26/10/20 3:07,26/10/20 3:41,R21,H6,7.599999905,13.60000038,RIG 1
26/10/20 3:44,26/10/20 4:13,R21,H5,8.399999619,15,RIG 1
26/10/20 4:27,26/10/20 4:57,R21,H3,7.400000095,13.19999981,RIG 1
26/10/20 5:09,26/10/20 5:31,R21,H2,6.300000191,11.19999981,RIG 1
26/10/20 5:36,26/10/20 5:57,R21,H1,5.300000191,9.5,RIG 1
26/10/20 6:06,26/10/20 6:26,L21,H11,4.699999809,8.399999619,RIG 1
26/10/20 6:30,26/10/20 6:48,L21,H10,4.599999905,8.199999809,RIG 1
26/10/20 6:54,26/10/20 7:17,L21,H9,4.699999809,8.399999619,RIG 1
26/10/20 7:22,26/10/20 7:45,L21,H8,5.300000191,9.399999619,RIG 1
26/10/20 7:54,26/10/20 8:04,L21A,H1,2.700000048,4.800000191,RIG 1
26/10/20 8:09,26/10/20 8:22,R21a,H1,2.799999952,5,RIG 1
26/10/20 8:23,26/10/20 8:30,R22,H11,1.299999952,2.299999952,RIG 1
26/10/20 8:37,26/10/20 11:29,R22,H5,8.5,15.19999981,RIG 1
26/10/20 11:31,26/10/20 12:00,R22,H10,6.900000095,12.30000019,RIG 1
26/10/20 12:06,26/10/20 12:38,R22,H9,6.900000095,12.30000019,RIG 1
26/10/20 12:39,26/10/20 13:07,R22,H8,7,12.5,RIG 1
26/10/20 13:15,26/10/20 13:45,R22,H7,7.199999809,12.89999962,RIG 1
26/10/20 13:55,26/10/20 14:25,R22,H6,7.699999809,13.69999981,RIG 1
26/10/20 14:33,26/10/20 15:14,R22,H4,8.199999809,14.60000038,RIG 1
26/10/20 15:21,26/10/20 15:54,R22,H3,6.800000191,12.10000038,RIG 1
26/10/20 16:01,26/10/20 16:33,R22,H2,5.800000191,10.30000019,RIG 1
26/10/20 16:35,26/10/20 17:01,R22,H1,5.099999905,9.100000381,RIG 1
26/10/20 17:04,26/10/20 17:15,L22,H1,1.5,2.599999905,RIG 1
26/10/20 17:17,26/10/20 17:39,L22,H2,5.800000191,10.39999962,RIG 1
26/10/20 17:46,26/10/20 18:13,L22,H3,5.699999809,10.10000038,RIG 1
26/10/20 18:15,26/10/20 18:41,L22,H4,5.699999809,10.19999981,RIG 1
26/10/20 18:46,26/10/20 19:13,L22,H5,6.099999905,10.80000019,RIG 1
26/10/20 19:19,26/10/20 23:12,L22,H6,6.699999809,12,RIG 1
26/10/20 23:21,26/10/20 23:45,L22,H7,6.300000191,11.19999981,RIG 1
26/10/20 23:52,27/10/20 0:13,L22,H8,5.300000191,9.5,RIG 1
27/10/20 0:19,27/10/20 0:38,L22,H9,4.900000095,8.699999809,RIG 1
27/10/20 0:47,27/10/20 1:33,L22,H10,4.699999809,8.300000191,RIG 1
27/10/20 1:43,27/10/20 2:09,L22,H11,4.800000191,8.5,RIG 1
27/10/20 2:19,27/10/20 2:30,L22A,H1,2.799999952,4.900000095,RIG 1
27/10/20 2:34,27/10/20 2:45,R22A,H1,2.799999952,4.900000095,RIG 1
27/10/20 2:55,27/10/20 3:03,LR23,H21,1.399999976,2.400000095,RIG 1
27/10/20 3:05,27/10/20 3:42,LR23,H20,6.699999809,11.89999962,RIG 1
27/10/20 3:49,27/10/20 4:13,LR23,H19,6.599999905,11.80000019,RIG 1
27/10/20 4:17,27/10/20 4:46,LR23,H18,6.699999809,12,RIG 1
27/10/20 4:52,27/10/20 5:19,LR23,H17,7,12.60000038,RIG 1
27/10/20 5:25,27/10/20 5:56,LR23,H16,7.599999905,13.5,RIG 1
27/10/20 6:08,27/10/20 6:39,LR23,H15,8.399999619,15,RIG 1
27/10/20 6:47,27/10/20 7:13,LR23,H14,6.900000095,12.39999962,RIG 1
27/10/20 7:20,27/10/20 7:40,LR23,H13,5.699999809,10.19999981,RIG 1
27/10/20 7:44,27/10/20 8:03,LR23,H12,5,8.899999619,RIG 1
27/10/20 8:08,27/10/20 8:31,LR23,H11,4.599999905,8.199999809,RIG 1
27/10/20 11:48,27/10/20 12:11,LR23,H10,4.699999809,8.399999619,RIG 1
27/10/20 12:13,27/10/20 12:36,LR23,H9,5,8.899999619,RIG 1
27/10/20 12:39,27/10/20 13:07,LR23,H8,5.5,9.800000191,RIG 1
27/10/20 13:14,27/10/20 13:39,LR23,H7,6.5,11.5,RIG 1
27/10/20 14:01,27/10/20 14:11,LR23,H6,6.800000191,12.19999981,RIG 1
27/10/20 14:17,27/10/20 14:40,LR23,H5,6.099999905,10.80000019,RIG 1
27/10/20 14:45,27/10/20 15:12,LR23,H4,5.800000191,10.39999962,RIG 1
27/10/20 15:17,27/10/20 15:44,LR23,H3,5.699999809,10.19999981,RIG 1
27/10/20 15:59,27/10/20 16:23,LR23,H2,5.900000095,10.5,RIG 1
27/10/20 16:28,27/10/20 16:35,LR23,H1,1.5,2.700000048,RIG 1
27/10/20 16:47,27/10/20 16:54,LR23A,H1,2.900000095,5.099999905,RIG 1
27/10/20 17:02,27/10/20 17:08,LR24,H13,1.399999976,2.400000095,RIG 1
27/10/20 17:54,27/10/20 17:55,LR24,H12,6.300000191,11.30000019,RIG 1
27/10/20 17:56,27/10/20 18:34,LR24,H11,6.199999809,11.10000038,RIG 1
27/10/20 18:35,27/10/20 19:03,LR24,H10,6.300000191,11.19999981,RIG 1
27/10/20 19:09,27/10/20 19:41,LR24,H9,6.599999905,11.80000019,RIG 1
27/10/20 19:51,27/10/20 20:15,LR24,H8,7,12.60000038,RIG 1
27/10/20 20:40,27/10/20 23:59,LR24,H7,7.900000095,14,RIG 1
28/10/20 0:00,28/10/20 0:31,LR24,H6,6.5,11.60000038,RIG 1
28/10/20 0:39,28/10/20 1:01,LR24,H5,5.400000095,9.699999809,RIG 1
28/10/20 1:05,28/10/20 1:32,LR24,H4,4.699999809,8.399999619,RIG 1
28/10/20 1:37,28/10/20 1:54,LR24,H3,4.400000095,7.900000095,RIG 1
28/10/20 2:02,28/10/20 2:19,LR24,H2,4.599999905,8.199999809,RIG 1
28/10/20 2:23,28/10/20 2:30,LR24,H1,1.799999952,3.200000048,RIG 1
28/10/20 2:36,28/10/20 2:51,LR24A,H1,2.799999952,5,RIG 1
28/10/20 2:53,28/10/20 2:58,LR25,H13,1.399999976,2.400000095,RIG 1
28/10/20 3:00,28/10/20 3:23,LR25,H12,5.800000191,10.39999962,RIG 1
28/10/20 3:24,28/10/20 3:43,LR25,H11,5.699999809,10.19999981,RIG 1
28/10/20 3:50,28/10/20 4:09,LR25,H10,5.800000191,10.30000019,RIG 1
28/10/20 4:13,28/10/20 4:35,LR25,H9,6,10.69999981,RIG 1
28/10/20 4:41,28/10/20 5:06,LR25,H8,6.5,11.60000038,RIG 1
28/10/20 5:10,28/10/20 5:37,LR25,H7,7.199999809,12.80000019,RIG 1
28/10/20 5:44,28/10/20 6:05,LR25,H6,5.800000191,10.30000019,RIG 1
28/10/20 6:09,28/10/20 6:42,LR25,H5,5.099999905,9,RIG 1
28/10/20 6:47,28/10/20 7:09,LR25,H4,4.5,8,RIG 1
28/10/20 12:16,28/10/20 12:29,SD1,H1,3,5.400000095,RIG 1
28/10/20 12:30,28/10/20 12:44,SD1,H2,3.099999905,5.599999905,RIG 1
28/10/20 12:48,28/10/20 13:00,SD1,H3,3.099999905,5.599999905,RIG 1
28/10/20 13:06,28/10/20 13:18,SD2,H1,3.700000048,6.599999905,RIG 1
28/10/20 13:22,28/10/20 13:35,SD2,H2,3.5,6.199999809,RIG 1
28/10/20 13:36,28/10/20 13:48,SD2,H3,3.5,6.300000191,RIG 1
28/10/20 13:50,28/10/20 14:02,SD2,H4,3.400000095,6,RIG 1
28/10/20 15:17,28/10/20 15:29,SD2A,H1,3.700000048,6.5,RIG 1
28/10/20 16:06,28/10/20 16:06,SD2A,H3,3.400000095,6.099999905,RIG 1
28/10/20 16:41,28/10/20 17:10,SD2A,H2,3.799999952,6.699999809,RIG 1
29/10/20 2:47,29/10/20 2:47,SD2B,H1,3.799999952,6.800000191,RIG 1
29/10/20 2:47,29/10/20 3:14,SD2B,H2,3.700000048,6.5,RIG 1
29/10/20 3:21,29/10/20 3:50,SD2C,H1,3.799999952,6.699999809,RIG 1
29/10/20 4:15,29/10/20 4:30,SD2C,H3,3.5,6.199999809,RIG 1
29/10/20 4:54,29/10/20 5:07,SD2C,H5,3.599999905,6.5,RIG 1
29/10/20 5:10,29/10/20 5:22,SD2C,H6,3.700000048,6.5,RIG 1
29/10/20 6:33,29/10/20 7:09,SD2C,H2,3.900000095,7,RIG 1
29/10/20 7:13,29/10/20 7:39,SD2C,H4,3.799999952,6.800000191,RIG 1
29/10/20 14:54,29/10/20 14:59,SD2D,H1,3.900000095,7,RIG 1
29/10/20 14:59,29/10/20 15:23,SD2D,H2,3.900000095,6.900000095,RIG 1
29/10/20 15:27,29/10/20 15:59,SD2E,H2,3.900000095,6.900000095,RIG 1
29/10/20 16:18,29/10/20 16:41,SD2E,H1,3.799999952,6.699999809,RIG 1
29/10/20 16:41,29/10/20 17:03,SD2E,H3,3.700000048,6.5,RIG 1
29/10/20 17:09,29/10/20 17:26,SD3,H1,3.799999952,6.800000191,RIG 1
29/10/20 17:34,29/10/20 18:04,SD3,H2,3.700000048,6.599999905,RIG 1
29/10/20 18:08,29/10/20 18:24,SD3,H3,3.799999952,6.800000191,RIG 1
29/10/20 18:29,29/10/20 18:43,SD3,H4,3.599999905,6.400000095,RIG 1
29/10/20 19:02,29/10/20 19:18,SD4,H1,3.400000095,6,RIG 1
29/10/20 19:23,29/10/20 19:39,SD5,H1,3.400000095,6.099999905,RIG 1
29/10/20 19:43,29/10/20 20:01,SD5,H2,3.5,6.300000191,RIG 1
29/10/20 20:17,29/10/20 20:37,SD6,H1,3.400000095,6.099999905,RIG 1
29/10/20 20:39,29/10/20 23:39,SD7,H1,3.5,6.199999809,RIG 1
29/10/20 23:43,29/10/20 23:55,SD7,H2,3.400000095,6.099999905,RIG 1
30/10/20 0:02,30/10/20 0:13,SD8,H1,3.200000048,5.599999905,RIG 1
30/10/20 0:19,30/10/20 0:35,SD9,H1,3.400000095,6,RIG 1
30/10/20 0:36,30/10/20 0:47,SD11,H1,3.299999952,5.900000095,RIG 1
30/10/20 0:52,30/10/20 0:58,SD13,H1,3.200000048,5.599999905,RIG 1
30/10/20 1:10,30/10/20 1:18,SD10,H1,3.099999905,5.5,RIG 1
30/10/20 1:27,30/10/20 1:38,SD12,H1,3.099999905,5.400000095,RIG 1
30/10/20 1:42,30/10/20 1:54,SD11,H2,3.200000048,5.599999905,RIG 1
30/10/20 1:58,30/10/20 2:12,SD13,H2,2.900000095,5.199999809,RIG 1
30/10/20 3:12,30/10/20 3:40,SD9,H2,3.299999952,5.800000191,RIG 1
30/10/20 4:12,30/10/20 4:27,S10,H5,4.800000191,8.5,RIG 1
30/10/20 4:33,30/10/20 4:42,S10,H4,3,5.300000191,RIG 1
30/10/20 4:48,30/10/20 4:58,S10,H3,2.400000095,4.199999809,RIG 1
30/10/20 5:06,30/10/20 5:13,S10,H2,2,3.5,RIG 1
30/10/20 5:15,30/10/20 5:21,S10,H1,1.799999952,3.099999905,RIG 1
30/10/20 5:30,30/10/20 5:44,S11,H5,3.099999905,5.5,RIG 1
30/10/20 5:46,30/10/20 6:44,S11,H4,3,5.199999809,RIG 1
30/10/20 6:48,30/10/20 6:58,S11,H3,2.799999952,5,RIG 1
30/10/20 6:59,30/10/20 7:06,S11,H2,2.400000095,4.300000191,RIG 1
30/10/20 7:08,30/10/20 7:15,S11,H1,2.299999952,4.099999905,RIG 1
30/10/20 7:38,30/10/20 7:45,S6,H10,1.5,2.599999905,RIG 1
30/10/20 7:49,30/10/20 12:16,S6,H9,4.199999809,7.5,RIG 1
30/10/20 12:21,30/10/20 12:40,S6,H8,4,7.199999809,RIG 1
30/10/20 13:09,30/10/20 13:50,S6,H7,4.099999905,7.300000191,RIG 1
30/10/20 13:52,30/10/20 14:10,S6,H6,4.400000095,7.800000191,RIG 1
30/10/20 14:15,30/10/20 14:39,S6,H5,4.900000095,8.699999809,RIG 1
30/10/20 14:46,30/10/20 15:06,S7,H4,3,5.300000191,RIG 1
30/10/20 15:10,30/10/20 15:20,S7,H3,2,3.599999905,RIG 1
30/10/20 15:32,30/10/20 15:32,S7,H2,1.600000024,2.799999952,RIG 1
30/10/20 15:34,30/10/20 15:42,S7,H1,1.299999952,2.299999952,RIG 1
30/10/20 16:03,30/10/20 16:12,S8,H10,1.5,2.700000048,RIG 1
30/10/20 16:23,30/10/20 16:36,S8,H9,3.799999952,6.800000191,RIG 1
30/10/20 16:38,30/10/20 16:58,S8,H8,4,7.199999809,RIG 1
30/10/20 16:59,30/10/20 17:20,S8,H7,4.099999905,7.400000095,RIG 1
30/10/20 17:27,30/10/20 17:46,S8,H6,4.400000095,7.800000191,RIG 1
30/10/20 18:13,30/10/20 20:05,S9,H5,5,9,RIG 1
30/10/20 20:14,30/10/20 23:08,S9,H4,3,5.300000191,RIG 1
30/10/20 23:23,30/10/20 23:33,S9,H3,2.200000048,4,RIG 1
30/10/20 23:35,30/10/20 23:46,S9,H2,1.799999952,3.200000048,RIG 1
30/10/20 23:47,30/10/20 23:53,S9,H1,1.5,2.700000048,RIG 1
31/10/20 0:03,31/10/20 0:12,P1,H15,2.200000048,3.799999952,RIG 1
31/10/20 0:15,31/10/20 0:36,P1,H14,5.400000095,9.5,RIG 1
31/10/20 0:44,31/10/20 1:07,P1,H13,6.699999809,11.89999962,RIG 1
31/10/20 1:14,31/10/20 1:47,P1,H12,8.5,15.30000019,RIG 1
31/10/20 2:00,31/10/20 2:30,P1,H11,7.400000095,13.19999981,RIG 1
31/10/20 2:35,31/10/20 2:56,P1,H10,4.199999809,7.5,RIG 1
31/10/20 3:00,31/10/20 3:10,P1,H9,2.299999952,4.099999905,RIG 1
31/10/20 3:19,31/10/20 3:20,P2,H1,1.100000024,1.799999952,RIG 1
31/10/20 3:24,31/10/20 3:33,P2,H2,2.700000048,4.699999809,RIG 1
31/10/20 3:39,31/10/20 3:49,P2,H3,2.599999905,4.699999809,RIG 1
31/10/20 3:57,31/10/20 4:05,P2,H4,2.900000095,5.099999905,RIG 1
31/10/20 4:10,31/10/20 4:17,P2,H5,2.299999952,4.099999905,RIG 1
31/10/20 4:21,31/10/20 4:26,P2,H6,1.600000024,2.799999952,RIG 1
31/10/20 4:30,31/10/20 4:35,P2,H7,1.299999952,2.299999952,RIG 1
31/10/20 4:40,31/10/20 4:40,P2,H8,1.600000024,2.700000048,RIG 1
31/10/20 4:47,31/10/20 4:52,P3,H1,1.399999976,2.5,RIG 1
31/10/20 4:55,31/10/20 5:02,P3,H2,2.799999952,5,RIG 1
31/10/20 5:06,31/10/20 5:21,P3,H3,2.700000048,4.800000191,RIG 1
31/10/20 5:24,31/10/20 5:40,P3,H4,2.799999952,5,RIG 1
31/10/20 5:44,31/10/20 5:55,P4,H5,3.599999905,6.300000191,RIG 1
31/10/20 6:02,31/10/20 6:13,P4,H6,2.900000095,5.099999905,RIG 1
31/10/20 6:16,31/10/20 6:25,P4,H7,2.299999952,4.099999905,RIG 1
31/10/20 6:33,31/10/20 6:41,P4,H8,2.099999905,3.700000048,RIG 1
31/10/20 6:46,31/10/20 6:53,P4,H9,1.899999976,3.299999952,RIG 1
31/10/20 6:55,31/10/20 7:04,P4,H10,2.200000048,3.900000095,RIG 1
31/10/20 7:13,31/10/20 7:19,P5,H1,1.399999976,2.5,RIG 1
31/10/20 7:23,31/10/20 7:31,P5,H2,2.900000095,5.199999809,RIG 1
31/10/20 7:52,31/10/20 8:08,P5,H3,2.799999952,5,RIG 1
31/10/20 8:10,31/10/20 8:25,P5,H4,3,5.199999809,RIG 1
31/10/20 8:28,31/10/20 11:25,P5,H10,2.700000048,4.800000191,RIG 1
31/10/20 11:50,31/10/20 12:09,P5,H5,3.400000095,6.099999905,RIG 1
31/10/20 12:10,31/10/20 12:30,P5,H6,3.099999905,5.5,RIG 1
31/10/20 12:32,31/10/20 12:48,P5,H7,2.599999905,4.599999905,RIG 1
31/10/20 12:49,31/10/20 13:08,P5,H8,2.5,4.300000191,RIG 1
31/10/20 13:10,31/10/20 13:22,P5,H9,2.400000095,4.199999809,RIG 1
31/10/20 13:46,31/10/20 14:04,P6,H6,3.400000095,6.099999905,RIG 1
31/10/20 14:08,31/10/20 14:35,P6,H7,2.900000095,5.099999905,RIG 1
31/10/20 14:39,31/10/20 14:54,P6,H8,2.799999952,4.900000095,RIG 1
31/10/20 14:56,31/10/20 15:09,P6,H9,2.700000048,4.699999809,RIG 1
31/10/20 15:19,31/10/20 15:30,P6,H10,3,5.300000191,RIG 1
31/10/20 15:47,31/10/20 16:00,P7,H1,1.299999952,2.299999952,RIG 1
31/10/20 16:08,31/10/20 16:31,P7,H2,3,5.199999809,RIG 1
31/10/20 16:36,31/10/20 17:07,P7,H3,2.799999952,4.900000095,RIG 1
31/10/20 17:11,31/10/20 17:44,P7,H4,2.900000095,5.199999809,RIG 1
31/10/20 17:46,31/10/20 18:04,P7,H5,3.400000095,6.099999905,RIG 1
31/10/20 18:24,31/10/20 18:31,P7A,H1,1.200000048,2.099999905,RIG 1
31/10/20 18:34,31/10/20 19:02,P7A,H2,2.799999952,5,RIG 1
31/10/20 19:05,31/10/20 19:30,P7A,H3,2.900000095,5.099999905,RIG 1
31/10/20 19:32,31/10/20 19:58,P7A,H4,3.299999952,5.800000191,RIG 1
1/11/20 1:45,1/11/20 1:59,P8,H1,2.900000095,5.199999809,RIG 1
1/11/20 2:02,1/11/20 2:13,P8,H2,2.799999952,5,RIG 1
1/11/20 2:15,1/11/20 2:31,P8,H3,3.099999905,5.5,RIG 1
1/11/20 2:36,1/11/20 2:51,P8,H4,3.799999952,6.699999809,RIG 1
1/11/20 2:55,1/11/20 3:04,P8,H5,3,5.300000191,RIG 1
1/11/20 3:07,1/11/20 3:16,P8,H6,2.700000048,4.800000191,RIG 1
1/11/20 3:18,1/11/20 3:26,P8,H7,2.599999905,4.599999905,RIG 1
1/11/20 3:28,1/11/20 3:39,P8,H8,2.900000095,5.199999809,RIG 1
1/11/20 3:42,1/11/20 3:51,P8,H12,1.299999952,2.299999952,RIG 1
1/11/20 3:53,1/11/20 4:00,P8,H11,1.299999952,2.299999952,RIG 1
1/11/20 4:05,1/11/20 4:10,P8,H10,1.700000048,3,RIG 1
1/11/20 4:12,1/11/20 4:35,P8,H9,1.5,2.5,RIG 1
1/11/20 4:37,1/11/20 4:39,P8A,H1,1.200000048,2.200000048,RIG 1
1/11/20 4:44,1/11/20 4:54,P8A,H2,2.799999952,5,RIG 1
1/11/20 4:57,1/11/20 5:06,P8A,H3,2.900000095,5.099999905,RIG 1
1/11/20 5:12,1/11/20 5:25,P8A,H4,3.400000095,6,RIG 1
1/11/20 6:06,1/11/20 6:17,P9,H1,2.900000095,5.099999905,RIG 1
1/11/20 6:21,1/11/20 6:32,P9,H2,2.900000095,5,RIG 1
1/11/20 6:36,1/11/20 6:47,P9,H3,3.099999905,5.5,RIG 1
1/11/20 6:50,1/11/20 7:02,P9,H4,3.900000095,6.800000191,RIG 1
1/11/20 7:06,1/11/20 7:16,P9,H5,3.099999905,5.599999905,RIG 1
1/11/20 7:19,1/11/20 7:27,P9,H6,2.700000048,4.800000191,RIG 1
1/11/20 7:32,1/11/20 7:41,P9,H7,2.599999905,4.599999905,RIG 1
1/11/20 7:43,1/11/20 7:52,P9,H8,2.900000095,5.199999809,RIG 1
1/11/20 7:59,1/11/20 12:55,P9,H9,2.400000095,0,RIG 1
1/11/20 11:36,1/11/20 11:44,P9,H15,1.299999952,2.200000048,RIG 1
1/11/20 11:46,1/11/20 12:08,P9,H14,2.299999952,4,RIG 1
1/11/20 12:12,1/11/20 12:28,P9,H13,2,3.599999905,RIG 1
1/11/20 12:31,1/11/20 12:53,P9,H12,2.299999952,4,RIG 1
1/11/20 12:57,1/11/20 13:12,P9,H11,2.799999952,5,RIG 1
1/11/20 13:18,1/11/20 13:31,P9,H10,2.900000095,5.099999905,RIG 1
1/11/20 13:48,1/11/20 13:56,P9A,H1,1.299999952,2.200000048,RIG 1
1/11/20 13:58,1/11/20 14:11,P9A,H2,2.900000095,5.099999905,RIG 1
1/11/20 14:15,1/11/20 14:29,P9A,H3,3,5.199999809,RIG 1
1/11/20 14:33,1/11/20 14:50,P9A,H4,3.5,6.199999809,RIG 1
1/11/20 15:01,1/11/20 15:19,P10,H1,3,5.300000191,RIG 1
1/11/20 15:21,1/11/20 15:35,P10,H2,2.900000095,5.099999905,RIG 1
1/11/20 15:39,1/11/20 15:54,P10,H3,3.200000048,5.599999905,RIG 1
1/11/20 15:56,1/11/20 16:20,P10,H4,3.900000095,6.900000095,RIG 1
1/11/20 16:26,1/11/20 16:42,P10,H5,3.400000095,6,RIG 1
1/11/20 16:45,1/11/20 16:59,P10,H6,2.900000095,5.199999809,RIG 1
1/11/20 17:03,1/11/20 17:16,P10,H7,2.900000095,5.099999905,RIG 1
1/11/20 17:22,1/11/20 17:27,P10,H15,1.100000024,1.799999952,RIG 1
1/11/20 17:30,1/11/20 17:47,P10,H14,2.599999905,4.599999905,RIG 1
1/11/20 17:48,1/11/20 18:00,P10,H13,2.599999905,4.5,RIG 1
1/11/20 18:02,1/11/20 18:14,P10,H12,2.799999952,5,RIG 1
1/11/20 18:19,1/11/20 18:33,P10,H11,3.299999952,5.900000095,RIG 1
1/11/20 18:44,1/11/20 19:02,P10,H10,4.199999809,7.400000095,RIG 1
1/11/20 19:06,1/11/20 19:19,P10,H9,3.5,6.199999809,RIG 1
1/11/20 19:23,1/11/20 19:36,P10,H8,3.299999952,5.800000191,RIG 1
1/11/20 19:49,1/11/20 20:06,P10A,H7,2.599999905,4.599999905,RIG 1
1/11/20 20:14,1/11/20 20:29,P10A,H6,3.099999905,5.400000095,RIG 1
1/11/20 23:13,1/11/20 23:13,P10A,H5,3.700000048,6.599999905,RIG 1
1/11/20 23:16,1/11/20 23:22,P10A,H1,1.200000048,2.099999905,RIG 1
1/11/20 23:24,1/11/20 23:36,P10A,H2,2.900000095,5.199999809,RIG 1
1/11/20 23:40,1/11/20 23:51,P10A,H3,3,5.300000191,RIG 1
1/11/20 23:53,2/11/20 0:05,P10A,H4,3.5,6.099999905,RIG 1
2/11/20 0:14,2/11/20 0:26,P11,H1,2.900000095,5.099999905,RIG 1
2/11/20 0:33,2/11/20 0:45,P11,H2,3,5.300000191,RIG 1
2/11/20 0:47,2/11/20 1:00,P11,H3,3.400000095,6,RIG 1
2/11/20 1:02,2/11/20 1:19,P11,H4,4.099999905,7.199999809,RIG 1
2/11/20 1:23,2/11/20 1:33,P11,H5,3.200000048,5.699999809,RIG 1
2/11/20 1:37,2/11/20 1:50,P11,H6,3,5.300000191,RIG 1
2/11/20 1:52,2/11/20 2:01,P11,H7,3,5.300000191,RIG 1
2/11/20 2:04,2/11/20 2:16,P11,H8,3.700000048,6.5,RIG 1
2/11/20 2:19,2/11/20 2:38,P11,H9,4.699999809,8.300000191,RIG 1
2/11/20 2:52,2/11/20 3:13,P11,H10,6.400000095,11.39999962,RIG 1
2/11/20 3:20,2/11/20 3:49,P11,H11,8.800000191,15.69999981,RIG 1
2/11/20 4:06,2/11/20 4:39,P11,H12,9,16.60000038,RIG 1
2/11/20 4:55,2/11/20 5:25,P11,H13,7.400000095,14.19999981,RIG 1
2/11/20 5:33,2/11/20 5:55,P11,H14,5.199999809,10.19999981,RIG 1
2/11/20 6:02,2/11/20 6:06,P11,H15,1.299999952,2.299999952,RIG 1
2/11/20 6:11,2/11/20 6:24,P11A,H7,3.299999952,5.800000191,RIG 1
2/11/20 6:30,2/11/20 7:01,P11A,H6,9.300000191,17.10000038,RIG 1
2/11/20 7:09,2/11/20 7:55,P11A,H5,7.599999905,13.5,RIG 1
2/11/20 8:02,2/11/20 8:06,P11A,H1,1.100000024,1.899999976,RIG 1
2/11/20 8:11,2/11/20 8:21,P11A,H2,3,5.199999809,RIG 1
2/11/20 8:26,2/11/20 11:03,P11A,H3,3.099999905,5.400000095,RIG 1
2/11/20 11:11,2/11/20 11:25,P11A,H4,3.700000048,6.599999905,RIG 1
2/11/20 11:34,2/11/20 11:48,P12,H1,3,5.400000095,RIG 1
2/11/20 11:51,2/11/20 12:11,P12,H2,3,5.300000191,RIG 1
2/11/20 12:16,2/11/20 12:28,P12,H3,3.299999952,5.800000191,RIG 1
2/11/20 12:32,2/11/20 12:54,P12,H4,4.199999809,7.400000095,RIG 1
2/11/20 12:58,2/11/20 13:11,P12,H5,3.200000048,5.699999809,RIG 1
2/11/20 13:16,2/11/20 13:26,P12,H6,2.900000095,5.099999905,RIG 1
2/11/20 13:30,2/11/20 13:47,P12,H7,3,5.400000095,RIG 1
2/11/20 13:52,2/11/20 14:01,P12,H15,1.899999976,3.299999952,RIG 1
2/11/20 14:04,2/11/20 14:26,P12,H14,4.800000191,9.300000191,RIG 1
2/11/20 14:33,2/11/20 15:11,P12,H13,7.099999905,13.5,RIG 1
2/11/20 15:17,2/11/20 15:55,P12,H12,9,16.5,RIG 1
2/11/20 16:25,2/11/20 17:03,P12,H11,9.300000191,16.60000038,RIG 1
2/11/20 17:43,2/11/20 18:19,P12,H10,6.5,11.69999981,RIG 1
2/11/20 18:27,2/11/20 18:47,P12,H9,4.699999809,8.399999619,RIG 1
2/11/20 18:55,2/11/20 19:07,P12,H8,3.700000048,6.5,RIG 1
2/11/20 19:17,2/11/20 19:36,P12A,H7,3.799999952,6.699999809,RIG 1
2/11/20 19:40,2/11/20 20:13,P12A,H6,9.199999809,17,RIG 1
2/11/20 20:23,2/11/20 23:40,P12A,H5,7.800000191,14,RIG 1
2/11/20 23:47,2/11/20 23:55,P12A,H1,1.299999952,2.299999952,RIG 1
2/11/20 23:57,3/11/20 0:13,P12A,H2,2.900000095,5.199999809,RIG 1
3/11/20 0:14,3/11/20 0:27,P12A,H3,3.099999905,5.400000095,RIG 1
3/11/20 0:30,3/11/20 0:44,P12A,H4,3.599999905,6.400000095,RIG 1
3/11/20 0:53,3/11/20 1:05,P13,H1,2.900000095,5.099999905,RIG 1
3/11/20 1:20,3/11/20 1:29,P13,H2,2.799999952,5,RIG 1
3/11/20 1:33,3/11/20 1:47,P13,H3,3.200000048,5.699999809,RIG 1
3/11/20 1:48,3/11/20 2:03,P13,H4,4.199999809,7.400000095,RIG 1
3/11/20 2:07,3/11/20 2:18,P13,H5,3.200000048,5.699999809,RIG 1
3/11/20 2:22,3/11/20 2:32,P13,H6,2.799999952,4.900000095,RIG 1
3/11/20 2:36,3/11/20 2:45,P13,H7,3,5.199999809,RIG 1
3/11/20 2:49,3/11/20 3:08,P13,H8,3.700000048,6.5,RIG 1
3/11/20 3:13,3/11/20 3:20,P13,H15,1.700000048,3,RIG 1
3/11/20 3:26,3/11/20 3:44,P13,H14,4.5,8.800000191,RIG 1
3/11/20 3:49,3/11/20 4:39,P13,H13,6.699999809,12.80000019,RIG 1
3/11/20 4:50,3/11/20 6:18,P13,H12,8.899999619,16.39999962,RIG 1
3/11/20 6:37,3/11/20 7:03,P13,H9-rev,4.800000191,8.5,RIG 1
3/11/20 7:06,3/11/20 7:48,P13,H11,9.5,17,RIG 1
3/11/20 7:56,3/11/20 11:27,P13,H10,6.900000095,12.30000019,RIG 1
3/11/20 11:42,3/11/20 11:55,P13A,H7,3.200000048,5.599999905,RIG 1
3/11/20 12:10,3/11/20 12:55,P13A,H6,9,16.70000076,RIG 1
3/11/20 12:56,3/11/20 13:30,P13A,H5,7.800000191,14,RIG 1
3/11/20 14:55,3/11/20 15:01,P13A,H1,1.299999952,2.299999952,RIG 1
3/11/20 15:06,3/11/20 15:18,P13A,H2,2.799999952,4.900000095,RIG 1
3/11/20 15:20,3/11/20 15:32,P13A,H3,2.900000095,5.199999809,RIG 1
3/11/20 15:33,3/11/20 15:57,P13A,H4,3.599999905,6.300000191,RIG 1
3/11/20 15:58,3/11/20 16:07,P14,H1,1.399999976,2.5,RIG 1
3/11/20 16:07,3/11/20 16:30,P14,H2,3.099999905,5.5,RIG 1
3/11/20 16:32,3/11/20 16:50,P14,H3,2.900000095,5.199999809,RIG 1
3/11/20 16:50,3/11/20 17:10,P14,H4,3,5.400000095,RIG 1
3/11/20 17:38,3/11/20 17:57,P14,H5,3.400000095,6,RIG 1
3/11/20 18:01,3/11/20 18:17,P15,H6,4,7.099999905,RIG 1
3/11/20 18:18,3/11/20 18:24,P15,H7,3.299999952,5.900000095,RIG 1
4/11/20 11:06,4/11/20 11:19,P15,H8,3,5.400000095,RIG 1
4/11/20 11:21,4/11/20 11:34,P15,H9,3,5.199999809,RIG 1
4/11/20 11:37,4/11/20 11:38,P15,H10,3.200000048,5.699999809,RIG 1
4/11/20 11:54,4/11/20 12:04,P16,H1,1.600000024,2.799999952,RIG 1
4/11/20 12:08,4/11/20 12:27,P16,H2,3,5.300000191,RIG 1
4/11/20 12:29,4/11/20 12:46,P16,H3,3,5.400000095,RIG 1
4/11/20 12:47,4/11/20 13:06,P16,H4,3.099999905,5.5,RIG 1
4/11/20 13:14,4/11/20 13:31,P16,H5,3.400000095,6,RIG 1
4/11/20 13:34,4/11/20 13:50,P16,H6,3.400000095,6,RIG 1
4/11/20 13:55,4/11/20 14:05,P16,H7,2.900000095,5.099999905,RIG 1
4/11/20 14:13,4/11/20 14:24,P16,H8,2.700000048,4.800000191,RIG 1
4/11/20 14:28,4/11/20 14:40,P16,H9,2.799999952,4.900000095,RIG 1
4/11/20 14:43,4/11/20 14:56,P16,H10,3.099999905,5.5,RIG 1
4/11/20 15:09,4/11/20 15:16,P18,H1,1.100000024,1.799999952,RIG 1
4/11/20 15:17,4/11/20 15:35,P18,H2,2.900000095,5.199999809,RIG 1
4/11/20 15:43,4/11/20 15:57,P18,H3,2.900000095,5.199999809,RIG 1
4/11/20 16:01,4/11/20 16:17,P18,H4,3,5.300000191,RIG 1
4/11/20 16:19,4/11/20 16:42,P18,H5,3.299999952,5.800000191,RIG 1
4/11/20 16:43,4/11/20 17:12,P17,H6,3.599999905,6.5,RIG 1
5/11/20 13:34,5/11/20 13:54,P17,H7,2.900000095,5.199999809,RIG 1
5/11/20 13:59,5/11/20 14:14,P17,H8,2.700000048,4.699999809,RIG 1
5/11/20 14:16,5/11/20 14:25,P17,H9,2.700000048,4.800000191,RIG 1
5/11/20 14:29,5/11/20 14:43,P17,H10,2.900000095,5.199999809,RIG 1
5/11/20 14:51,5/11/20 15:05,P18A,H1,2.099999905,3.799999952,RIG 1
5/11/20 15:09,5/11/20 15:27,P18A,H2,3,5.199999809,RIG 1
5/11/20 15:29,5/11/20 15:52,P18A,H3,3,5.300000191,RIG 1
5/11/20 15:55,5/11/20 16:16,P18A,H4,3.299999952,5.900000095,RIG 1
5/11/20 16:29,5/11/20 16:30,P19,H1,1.299999952,2.200000048,RIG 1
5/11/20 16:37,5/11/20 16:41,P19,H2,3.099999905,5.5,RIG 1
5/11/20 16:54,5/11/20 17:03,P19,H3,3,5.300000191,RIG 1
5/11/20 17:06,5/11/20 17:19,P19,H4,3.099999905,5.599999905,RIG 1
5/11/20 17:22,5/11/20 17:43,P19,H5,3.099999905,5.400000095,RIG 1
5/11/20 17:45,5/11/20 17:53,P19,H6,2.200000048,3.900000095,RIG 1
5/11/20 17:55,5/11/20 18:03,P19,H7,2.099999905,3.599999905,RIG 1
5/11/20 18:06,5/11/20 18:15,P19,H8,2.299999952,4.099999905,RIG 1
5/11/20 18:18,5/11/20 18:29,P19,H9,3.099999905,5.5,RIG 1
5/11/20 18:37,5/11/20 18:55,P19,H10,3.799999952,6.800000191,RIG 1
5/11/20 18:59,5/11/20 19:10,P19,H11,2.799999952,5,RIG 1
5/11/20 19:14,5/11/20 19:15,P19A,H1,1,1.700000048,RIG 1
5/11/20 19:19,5/11/20 19:33,P19A,H2,2.799999952,5,RIG 1
5/11/20 19:37,5/11/20 19:50,P19A,H3,2.900000095,5.099999905,RIG 1
5/11/20 19:52,5/11/20 20:04,P19A,H4,3.099999905,5.5,RIG 1
5/11/20 20:07,5/11/20 20:17,L1,H5,2.400000095,4.199999809,RIG 1
5/11/20 20:19,5/11/20 20:26,L1,H6,1.899999976,3.400000095,RIG 1
5/11/20 20:29,5/11/20 20:38,L1,H7,1.899999976,3.299999952,RIG 1
6/11/20 3:55,6/11/20 4:01,R2A,H3,2.599999905,4.599999905,RIG 1
6/11/20 4:56,6/11/20 4:56,R2A,H1,7.400000095,13.30000019,RIG 1
6/11/20 5:17,6/11/20 5:29,L1A,H4,3,5.400000095,RIG 1
6/11/20 6:12,6/11/20 6:12,L1A,H1,0.899999976,1.5,RIG 1
6/11/20 6:14,6/11/20 6:28,L1A,H2,2.799999952,5,RIG 1
6/11/20 6:32,6/11/20 6:44,L1A,H3,2.799999952,5,RIG 1
6/11/20 6:46,6/11/20 6:56,L2,H1,2.200000048,3.799999952,RIG 1
6/11/20 7:02,6/11/20 7:12,L2,H2,2.799999952,5,RIG 1
6/11/20 7:15,6/11/20 7:27,L2,H3,3,5.300000191,RIG 1
6/11/20 7:30,6/11/20 7:47,L2,H4,3.200000048,5.699999809,RIG 1
6/11/20 7:49,6/11/20 7:57,L2,H5,2,3.599999905,RIG 1
6/11/20 8:01,6/11/20 8:07,L2,H6,1.5,2.599999905,RIG 1
6/11/20 8:08,6/11/20 8:19,L2,H7,1.5,2.700000048,RIG 1
6/11/20 8:23,6/11/20 10:57,R3A,H2,9.300000191,17.10000038,RIG 1
6/11/20 11:02,6/11/20 11:03,R3A,H3,2.299999952,4,RIG 1
6/11/20 11:13,6/11/20 11:34,R3A,H1,6.800000191,12.10000038,RIG 1
6/11/20 11:42,6/11/20 11:42,L2A,H1,0.800000012,1.399999976,RIG 1
6/11/20 11:47,6/11/20 12:05,L2A,H2,2.599999905,4.5,RIG 1
6/11/20 12:06,6/11/20 12:16,L2A,H3,2.900000095,5.099999905,RIG 1
6/11/20 12:18,6/11/20 12:30,L2A,H4,3,5.400000095,RIG 1
6/11/20 12:34,6/11/20 12:35,L3,H1,1.799999952,3.099999905,RIG 1
6/11/20 12:42,6/11/20 12:52,L3,H2,2.900000095,5.099999905,RIG 1
6/11/20 12:57,6/11/20 13:08,L3,H3,2.900000095,5.099999905,RIG 1
6/11/20 13:18,6/11/20 13:56,L3,H4,3.200000048,5.699999809,RIG 1
6/11/20 13:58,6/11/20 14:06,L3,H5,2,3.400000095,RIG 1
6/11/20 14:08,6/11/20 14:13,L3,H6,1.299999952,2.299999952,RIG 1
6/11/20 14:15,6/11/20 14:20,L3,H7,1.399999976,2.299999952,RIG 1
6/11/20 14:23,6/11/20 14:27,R3,H16,1.399999976,2.400000095,RIG 1
6/11/20 14:32,6/11/20 14:34,R3,H15,3.5,7,RIG 1
6/11/20 14:49,6/11/20 15:10,R3,H14,5.099999905,9.800000191,RIG 1
6/11/20 15:19,6/11/20 15:47,R3,H13,7.400000095,14.19999981,RIG 1
6/11/20 16:20,6/11/20 16:23,R3,H8,1.600000024,2.799999952,RIG 1
6/11/20 16:29,6/11/20 17:02,R3,H12,9.199999809,17,RIG 1
6/11/20 17:12,6/11/20 17:46,R3,H11,8.699999809,15.60000038,RIG 1
6/11/20 17:54,6/11/20 18:13,R3,H10,4.900000095,8.800000191,RIG 1
6/11/20 18:17,6/11/20 18:18,R3,H9,2.700000048,4.699999809,RIG 1
6/11/20 18:34,6/11/20 19:10,R4A,H1,9.399999619,17.29999924,RIG 1
6/11/20 19:19,6/11/20 19:40,R4,H14,5.099999905,9.800000191,RIG 1
6/11/20 19:46,6/11/20 20:20,R4,H13,7.400000095,14.10000038,RIG 1
6/11/20 20:27,7/11/20 0:22,R4,H12,9.199999809,17,RIG 1
7/11/20 0:28,7/11/20 0:59,R4,H11,8,14.19999981,RIG 1
7/11/20 1:05,7/11/20 1:25,R4,H10,4.199999809,7.5,RIG 1
7/11/20 1:43,7/11/20 1:43,R4,H9,2.299999952,4,RIG 1
7/11/20 1:47,7/11/20 1:56,R4,H8,1.399999976,2.400000095,RIG 1
7/11/20 2:05,7/11/20 3:29,L4,H7,1.100000024,2,RIG 1
7/11/20 3:32,7/11/20 3:38,L4,H6,1.100000024,1.799999952,RIG 1
7/11/20 3:50,7/11/20 3:50,L4,H5-rev,1.799999952,3.200000048,RIG 1
7/11/20 3:52,7/11/20 4:00,L4,H1,1.600000024,2.700000048,RIG 1
7/11/20 4:01,7/11/20 4:11,L4,H2,2.700000048,4.699999809,RIG 1
7/11/20 4:13,7/11/20 4:21,L4,H3,2.700000048,4.800000191,RIG 1
7/11/20 4:27,7/11/20 4:37,L4,H4,2.900000095,5.199999809,RIG 1
7/11/20 4:42,7/11/20 4:52,L3A,H1,2.799999952,5,RIG 1
7/11/20 4:56,7/11/20 5:06,L3A,H2,2.799999952,5,RIG 1
7/11/20 5:18,7/11/20 5:52,R5A,H1,9.399999619,17.20000076,RIG 1
7/11/20 6:41,7/11/20 6:41,R5,H13,7.5,14.19999981,RIG 1
7/11/20 6:45,7/11/20 7:18,R5,H11,8,14.30000019,RIG 1
7/11/20 7:24,7/11/20 8:04,R5,H12,9.300000191,17,RIG 1
7/11/20 8:07,7/11/20 12:03,R6A,H3,9.300000191,17,RIG 1
7/11/20 12:18,7/11/20 12:33,R5,H10,4.099999905,7.199999809,RIG 1
7/11/20 12:35,7/11/20 12:43,R5,H9,2.200000048,3.799999952,RIG 1
7/11/20 12:44,7/11/20 12:50,R5,H8,1.299999952,2.200000048,RIG 1
7/11/20 12:51,7/11/20 13:01,R6A,H1,2.700000048,4.800000191,RIG 1
7/11/20 13:14,7/11/20 13:14,R6A,H2,2.700000048,4.800000191,RIG 1
7/11/20 13:27,7/11/20 13:27,R6,H1,2.099999905,3.599999905,RIG 1
7/11/20 13:37,7/11/20 13:46,R6,H2,2.700000048,4.699999809,RIG 1
7/11/20 13:47,7/11/20 13:53,R6,H3,2.799999952,5,RIG 1
7/11/20 14:03,7/11/20 14:10,R6,H4,2,3.5,RIG 1
7/11/20 14:11,7/11/20 14:16,R6,H5,1,1.600000024,RIG 1
7/11/20 14:17,7/11/20 14:19,R6,H6,0.600000024,1.100000024,RIG 1
7/11/20 14:22,7/11/20 14:26,R6,H7,1.100000024,1.799999952,RIG 1
7/11/20 14:27,7/11/20 14:35,R6,H8,1.899999976,3.400000095,RIG 1
7/11/20 14:36,7/11/20 14:49,R6,H9,3.400000095,6.099999905,RIG 1
7/11/20 14:55,7/11/20 15:29,R6,H12-rev,9.199999809,17,RIG 1
7/11/20 15:35,7/11/20 16:08,R6,H11,9.5,17.39999962,RIG 1
7/11/20 16:16,7/11/20 16:30,R6,H10-rev,6,10.69999981,RIG 1
7/11/20 18:01,7/11/20 18:07,R1,H9,1.700000048,2.900000095,RIG 1
7/11/20 18:15,7/11/20 18:16,R1A,H8,2.799999952,5,RIG 1
7/11/20 18:30,7/11/20 18:47,R1,H8,4.400000095,7.800000191,RIG 1
7/11/20 18:51,7/11/20 19:10,R1,H7,5.199999809,9.199999809,RIG 1
7/11/20 19:20,7/11/20 19:23,R1A,H7,5.400000095,9.600000381,RIG 1
7/11/20 19:48,7/11/20 19:49,R1C,H11,1.700000048,3,RIG 1
7/11/20 19:58,7/11/20 19:58,R1C,H10,4.400000095,7.699999809,RIG 1
7/11/20 20:21,8/11/20 0:11,R1C,H9,5.099999905,9.199999809,RIG 1
8/11/20 0:18,8/11/20 0:42,R1,H6,5.900000095,10.60000038,RIG 1
8/11/20 0:43,8/11/20 1:14,R1,H5,5.800000191,10.39999962,RIG 1
8/11/20 1:18,8/11/20 1:45,R1A,H6,5.900000095,10.60000038,RIG 1
8/11/20 1:59,8/11/20 2:04,R2,H9,1.600000024,2.799999952,RIG 1
8/11/20 2:18,8/11/20 2:38,R2,H8,4.300000191,7.699999809,RIG 1
8/11/20 2:54,8/11/20 2:54,R1E,H8,2.700000048,4.900000095,RIG 1
8/11/20 3:00,8/11/20 3:21,R2,H7,5.099999905,9.100000381,RIG 1
8/11/20 3:27,8/11/20 3:50,R1E,H7,5.300000191,9.5,RIG 1
8/11/20 3:53,8/11/20 4:12,R2,H6,5.900000095,10.5,RIG 1
8/11/20 4:15,8/11/20 5:14,R1E,H6,5.900000095,10.60000038,RIG 1
8/11/20 5:53,8/11/20 5:53,R2,H5,5.900000095,10.5,RIG 1
8/11/20 6:00,8/11/20 6:29,R1C,H8,5.900000095,10.5,RIG 1
8/11/20 6:36,8/11/20 7:06,R1C,H7,5.900000095,10.5,RIG 1
8/11/20 7:48,8/11/20 8:14,R1A,H5,5.900000095,10.39999962,RIG 1
8/11/20 12:04,8/11/20 12:04,R1C,H6,6.199999809,11,RIG 1
8/11/20 13:22,8/11/20 14:01,R1B,H2,6.199999809,11,RIG 1
8/11/20 14:13,8/11/20 14:30,R1C,H5,5.900000095,10.5,RIG 1
8/11/20 14:43,8/11/20 15:21,R1B,H1,6.199999809,11,RIG 1
8/11/20 16:03,8/11/20 16:30,R1A,H4,6.099999905,11,RIG 1
8/11/20 17:14,8/11/20 17:45,R1,H4-rev,5.800000191,10.39999962,RIG 1
8/11/20 17:59,8/11/20 18:19,R1A,H3,5.900000095,10.5,RIG 1
8/11/20 18:30,8/11/20 18:52,R1,H3,5.900000095,10.60000038,RIG 1
8/11/20 18:55,8/11/20 19:08,R1,H2,3.099999905,5.400000095,RIG 1
8/11/20 19:09,8/11/20 19:13,R1,H1,1,1.799999952,RIG 1
8/11/20 19:14,8/11/20 19:33,R1A,H2,4.300000191,7.699999809,RIG 1
8/11/20 19:44,8/11/20 19:51,R1A,H1,2,3.5,RIG 1
8/11/20 20:11,8/11/20 20:33,R1E,H5,5.900000095,10.5,RIG 1
9/11/20 1:20,9/11/20 2:01,R1D,H2,6.199999809,11,RIG 1
9/11/20 2:12,9/11/20 2:47,R1C,H4,6.199999809,11.10000038,RIG 1
9/11/20 3:00,9/11/20 3:06,R1C,H3,5.900000095,10.60000038,RIG 1
9/11/20 3:43,9/11/20 3:56,R1C,H2,3,5.199999809,RIG 1
9/11/20 3:58,9/11/20 4:00,R1C,H1,1,1.600000024,RIG 1
9/11/20 4:44,9/11/20 5:00,R1E,H2,4.400000095,7.800000191,RIG 1
9/11/20 5:06,9/11/20 5:43,R1D,H1,6.199999809,11.10000038,RIG 1
9/11/20 5:50,9/11/20 5:58,R1E,H1,1.899999976,3.400000095,RIG 1
9/11/20 6:43,9/11/20 7:25,R1E,H4,6.199999809,11,RIG 1
9/11/20 7:28,9/11/20 7:52,R1E,H3,5.900000095,10.60000038,RIG 1
9/11/20 8:01,9/11/20 8:34,R2,H4,5.900000095,10.5,RIG 1
9/11/20 11:29,9/11/20 11:48,R2,H3,6,10.69999981,RIG 1
9/11/20 11:57,9/11/20 12:08,R2,H2,3,5.199999809,RIG 1
9/11/20 12:11,9/11/20 12:14,R2,H1,0.899999976,1.600000024,RIG 1
9/11/20 12:18,9/11/20 12:18,R3,H6,1.299999952,2.200000048,RIG 1
9/11/20 12:26,9/11/20 12:30,R3,H5,3.099999905,5.5,RIG 1
9/11/20 12:48,9/11/20 12:59,R3,H4,3,5.300000191,RIG 1
9/11/20 13:02,9/11/20 13:20,R3,H3,3,5.300000191,RIG 1
9/11/20 13:23,9/11/20 13:34,R3,H2,3,5.400000095,RIG 1
9/11/20 13:43,9/11/20 13:48,R3,H1,1.200000048,2.099999905,RIG 1
9/11/20 13:56,9/11/20 13:56,R4,H6,1.299999952,2.299999952,RIG 1
9/11/20 14:03,9/11/20 14:30,R4,H5,4.400000095,7.900000095,RIG 1
9/11/20 14:35,9/11/20 14:54,R4,H4,5.599999905,10,RIG 1
9/11/20 14:58,9/11/20 15:03,R4,H1,1.700000048,3,RIG 1
9/11/20 15:06,9/11/20 15:28,R4,H3,6,10.69999981,RIG 1
9/11/20 15:31,9/11/20 15:56,R4,H2,5.800000191,10.30000019,RIG 1
9/11/20 16:03,9/11/20 16:25,R4A,H2,6.099999905,10.80000019,RIG 1
9/11/20 16:32,9/11/20 16:45,R4A,H1,3.799999952,6.699999809,RIG 1
9/11/20 16:49,9/11/20 16:50,R5,H6,1.299999952,2.299999952,RIG 1
9/11/20 16:57,10/11/20 0:05,R5,H5,4.300000191,7.599999905,RIG 1
10/11/20 0:08,10/11/20 0:32,R5,H4,5.400000095,9.600000381,RIG 1
10/11/20 0:41,10/11/20 1:01,R5,H3,5.800000191,10.39999962,RIG 1
10/11/20 1:05,10/11/20 1:12,R5,H1,1.899999976,3.400000095,RIG 1
10/11/20 1:17,10/11/20 1:48,R5,H2,6,10.60000038,RIG 1
10/11/20 1:53,10/11/20 2:09,R5A,H1,3.900000095,6.900000095,RIG 1
10/11/20 3:12,10/11/20 5:18,R5A,H2,5.900000095,10.5,RIG 1
10/11/20 5:30,10/11/20 5:38,R6,H6,1.299999952,2.200000048,RIG 1
10/11/20 5:39,10/11/20 5:58,R6,H5,4.199999809,7.400000095,RIG 1
10/11/20 6:01,10/11/20 6:22,R6,H4,5,8.899999619,RIG 1
10/11/20 6:33,10/11/20 6:50,R6,H3,5.699999809,10.10000038,RIG 1
10/11/20 6:56,10/11/20 7:19,R6,H2,5.900000095,10.60000038,RIG 1
10/11/20 7:20,10/11/20 7:36,R6,H1,2.200000048,3.900000095,RIG 1
10/11/20 7:37,10/11/20 8:00,R6A,H2,5.900000095,10.60000038,RIG 1
10/11/20 8:04,10/11/20 8:17,R6A,H1,3.799999952,6.800000191,RIG 1
10/11/20 8:30,10/11/20 11:58,R7,H3,5.699999809,10.19999981,RIG 1
10/11/20 11:59,10/11/20 12:05,R7,H6,1.299999952,2.200000048,RIG 1
10/11/20 12:07,10/11/20 12:26,R7,H5,4,7.099999905,RIG 1
10/11/20 12:33,10/11/20 12:59,R7,H4,4.900000095,8.800000191,RIG 1
10/11/20 13:05,10/11/20 13:26,R7,H2,5.800000191,10.30000019,RIG 1
10/11/20 13:40,10/11/20 13:45,R7,H1,2.099999905,3.700000048,RIG 1
10/11/20 13:54,10/11/20 14:16,R7A,H2,6,10.60000038,RIG 1
10/11/20 14:21,10/11/20 14:35,R7A,H1,3.799999952,6.800000191,RIG 1
10/11/20 14:41,10/11/20 14:47,R8,H6,1.299999952,2.200000048,RIG 1
10/11/20 14:51,10/11/20 15:11,R8,H5,4.199999809,7.5,RIG 1
10/11/20 15:18,10/11/20 15:47,R8,H4,5.300000191,9.399999619,RIG 1
10/11/20 15:56,10/11/20 16:19,R8,H3,5.699999809,10.19999981,RIG 1
10/11/20 16:30,10/11/20 16:53,R8,H2,5.900000095,10.5,RIG 1
10/11/20 17:09,10/11/20 17:10,R8,H1,2,3.599999905,RIG 1
10/11/20 17:23,10/11/20 17:36,R8A,H2,5.800000191,10.39999962,RIG 1
10/11/20 17:47,10/11/20 17:52,R8A,H1,3.700000048,6.599999905,RIG 1
10/11/20 18:05,10/11/20 18:11,R9,H6,1.299999952,2.200000048,RIG 1
10/11/20 18:12,10/11/20 18:28,R9,H5,4.099999905,7.199999809,RIG 1
10/11/20 18:33,10/11/20 18:50,R9,H4,4.599999905,8.300000191,RIG 1
10/11/20 18:58,10/11/20 19:15,R9,H3,5.699999809,10.10000038,RIG 1
10/11/20 19:24,10/11/20 19:46,R9,H2,5.800000191,10.39999962,RIG 1
10/11/20 19:52,10/11/20 19:55,R9,H1,1.799999952,3.099999905,RIG 1
10/11/20 20:08,10/11/20 20:21,R9A,H1,3.5,6.300000191,RIG 1
10/11/20 20:25,11/11/20 0:11,R9A,H2,5.900000095,10.60000038,RIG 1
11/11/20 0:23,11/11/20 0:30,R10,H6,1.299999952,2.299999952,RIG 1
11/11/20 0:34,11/11/20 0:56,R10,H5,4,7.199999809,RIG 1
11/11/20 2:30,11/11/20 2:55,R10,H4,4.800000191,8.5,RIG 1
11/11/20 3:25,11/11/20 3:47,R10,H3,5.699999809,10.19999981,RIG 1
11/11/20 3:55,11/11/20 4:19,R10,H2,5.800000191,10.39999962,RIG 1
11/11/20 4:23,11/11/20 4:40,R10,H1,1.600000024,2.799999952,RIG 1
11/11/20 4:43,11/11/20 4:49,R11,H7,1.399999976,2.400000095,RIG 1
11/11/20 4:50,11/11/20 5:08,R11,H6,3.900000095,7,RIG 1
11/11/20 5:12,11/11/20 5:32,R11,H5,4.699999809,8.399999619,RIG 1
11/11/20 5:40,11/11/20 5:59,R11,H4,5.5,9.800000191,RIG 1
11/11/20 6:06,11/11/20 6:37,R11,H3,5.699999809,10.10000038,RIG 1
11/11/20 6:39,11/11/20 6:47,R11,H2,2.599999905,4.699999809,RIG 1
11/11/20 6:48,11/11/20 6:54,R11,H1,1.399999976,2.400000095,RIG 1
11/11/20 6:57,11/11/20 7:02,R12,H7,1.399999976,2.400000095,RIG 1
11/11/20 7:04,11/11/20 7:21,R12,H6,3.900000095,6.900000095,RIG 1
11/11/20 7:23,11/11/20 7:45,R12,H5,4.800000191,8.5,RIG 1
11/11/20 7:51,11/11/20 8:09,R12,H4,5.5,9.699999809,RIG 1
11/11/20 8:16,11/11/20 8:33,R12,H3,5.599999905,10,RIG 1
11/11/20 8:38,11/11/20 8:46,R12,H2,2.700000048,4.800000191,RIG 1
11/11/20 8:48,11/11/20 8:53,R12,H1,1.200000048,2,RIG 1
11/11/20 8:58,11/11/20 11:17,R13,H3,5.599999905,10,RIG 1
11/11/20 11:18,11/11/20 11:24,R13,H7,1.299999952,2.200000048,RIG 1
11/11/20 11:25,11/11/20 11:42,R13,H6,3.900000095,6.800000191,RIG 1
11/11/20 12:28,11/11/20 12:50,R13,H5,4.900000095,8.800000191,RIG 1
11/11/20 12:53,11/11/20 13:11,R13,H4,5.5,9.699999809,RIG 1
11/11/20 13:15,11/11/20 13:23,R13,H2,2.599999905,4.599999905,RIG 1
11/11/20 13:24,11/11/20 13:27,R13,H1,0.899999976,1.5,RIG 1
11/11/20 13:47,11/11/20 13:56,L1,H1,2.099999905,3.700000048,RIG 1
11/11/20 14:00,11/11/20 14:27,L1,H2-rev,5.800000191,10.39999962,RIG 1
11/11/20 14:34,11/11/20 14:58,L1,H3-rev,6.199999809,11.10000038,RIG 1
11/11/20 15:04,11/11/20 15:22,L1,H4-rev,6.099999905,10.89999962,RIG 1
11/11/20 15:30,11/11/20 15:45,L1A,H1,3.900000095,6.900000095,RIG 1
11/11/20 15:49,11/11/20 16:07,L1A,H2-rev,6,10.69999981,RIG 1
11/11/20 16:24,11/11/20 16:43,L1A,H3-rev,6.199999809,11.10000038,RIG 1
11/11/20 16:53,11/11/20 17:01,L1C,H1-rev,2.099999905,3.700000048,RIG 1
11/11/20 17:06,11/11/20 17:29,L1C,H2-rev,5.800000191,10.39999962,RIG 1
11/11/20 17:33,11/11/20 17:55,L1C,H3-rev,6.199999809,11,RIG 1
11/11/20 18:00,11/11/20 18:19,L1C,H4-rev,6.099999905,10.80000019,RIG 1
11/11/20 18:27,11/11/20 18:40,L1E,H1-rev,3.900000095,6.900000095,RIG 1
11/11/20 18:44,11/11/20 19:05,L1E,H2-rev,6,10.69999981,RIG 1
11/11/20 19:09,11/11/20 19:27,L1E,H3-rev,6.199999809,11.10000038,RIG 1
11/11/20 19:33,11/11/20 19:40,L2,H1,2.099999905,3.700000048,RIG 1
11/11/20 19:42,11/11/20 20:01,L2,H2-rev,5.800000191,10.39999962,RIG 1
11/11/20 20:05,11/11/20 20:28,L2,H3-rev,6.199999809,11.10000038,RIG 1
11/11/20 20:35,11/11/20 23:32,L2,H4-rev,6.099999905,10.89999962,RIG 1
11/11/20 23:46,12/11/20 0:31,L1,H5,6.099999905,10.89999962,RIG 1
12/11/20 0:33,12/11/20 1:01,L1A,H4,6.099999905,10.80000019,RIG 1
12/11/20 2:57,12/11/20 3:04,L3,H1,1.200000048,2.099999905,RIG 1
12/11/20 3:05,12/11/20 3:24,L3,H2,3.799999952,6.699999809,RIG 1
12/11/20 3:28,12/11/20 3:43,L3,H3,3.599999905,6.400000095,RIG 1
12/11/20 3:50,12/11/20 4:18,L3,H4,3.599999905,6.5,RIG 1
12/11/20 4:20,12/11/20 4:35,L3,H5,3.599999905,6.400000095,RIG 1
12/11/20 4:37,12/11/20 5:01,L3,H6,1.399999976,2.5,RIG 1
12/11/20 5:13,12/11/20 5:20,L4,H1,2,3.400000095,RIG 1
12/11/20 5:37,12/11/20 5:47,L4,H2,5.5,9.800000191,RIG 1
12/11/20 5:54,12/11/20 6:16,L4,H3,6.099999905,10.89999962,RIG 1
12/11/20 6:28,12/11/20 6:52,L4,H4,6.300000191,11.30000019,RIG 1
12/11/20 7:00,12/11/20 7:21,L4,H5,6.099999905,10.80000019,RIG 1
12/11/20 7:30,12/11/20 7:50,L4,H6,3.099999905,5.400000095,RIG 1
12/11/20 7:52,12/11/20 7:58,L4,H7,1.200000048,2.099999905,RIG 1
12/11/20 8:02,12/11/20 8:17,L4A,H1,3,5.400000095,RIG 1
12/11/20 8:18,12/11/20 8:30,L4A,H2,3.299999952,5.800000191,RIG 1
12/11/20 13:40,12/11/20 14:17,R1,H1,5.400000095,10,RIG 1
12/11/20 15:48,12/11/20 16:17,R2,H1,4.900000095,8.399999619,RIG 1
12/11/20 16:17,12/11/20 16:53,R2,H2,4.900000095,8.100000381,RIG 1
12/11/20 17:23,12/11/20 17:23,L1A,H5,6.300000191,11.30000019,RIG 1
12/11/20 17:52,12/11/20 17:55,L1B,H1,6.300000191,11.19999981,RIG 1
12/11/20 19:17,12/11/20 19:58,L1B,H2,6.300000191,11.19999981,RIG 1
13/11/20 0:16,13/11/20 0:53,L1C,H7,6.300000191,11.19999981,RIG 1
13/11/20 1:04,13/11/20 1:41,L1C,H5,6.300000191,11.30000019,RIG 1
13/11/20 1:51,13/11/20 2:26,L1C,H6,6,10.69999981,RIG 1
13/11/20 2:56,13/11/20 3:02,L1C,H8-rev,6,10.80000019,RIG 1
13/11/20 3:07,13/11/20 3:18,L1C,H9,2.799999952,5,RIG 1
13/11/20 3:19,13/11/20 3:22,L1C,H10,0.899999976,1.5,RIG 1
13/11/20 3:42,13/11/20 4:04,L1A,H6-rev,6,10.80000019,RIG 1
13/11/20 4:12,13/11/20 4:26,L1A,H7,4.300000191,7.699999809,RIG 1
13/11/20 4:30,13/11/20 4:37,L1A,H8,1.799999952,3.099999905,RIG 1
13/11/20 4:43,13/11/20 5:05,L1,H6,6.099999905,10.89999962,RIG 1
13/11/20 5:08,13/11/20 5:19,L1,H7,2.900000095,5.099999905,RIG 1
13/11/20 5:20,13/11/20 5:37,L1,H8,0.899999976,1.5,RIG 1
13/11/20 5:39,13/11/20 6:04,L1E,H4,6.099999905,10.80000019,RIG 1
13/11/20 7:58,13/11/20 8:20,L2,H5,6.099999905,10.80000019,RIG 1
13/11/20 8:28,13/11/20 11:18,L2,H6,6.099999905,10.80000019,RIG 1
13/11/20 11:19,13/11/20 11:27,L2,H7,2.799999952,5,RIG 1
13/11/20 11:29,13/11/20 11:31,L2,H8,0.899999976,1.600000024,RIG 1
13/11/20 11:34,13/11/20 11:54,L1E,H6,6,10.80000019,RIG 1
13/11/20 11:58,13/11/20 12:31,L1E,H7,4.199999809,7.599999905,RIG 1
13/11/20 12:34,13/11/20 12:41,L1E,H8,1.799999952,3.200000048,RIG 1
13/11/20 12:47,13/11/20 13:36,L1D,H1,6.300000191,11.30000019,RIG 1
13/11/20 13:44,13/11/20 14:30,L1D,H2,6.300000191,11.30000019,RIG 1
13/11/20 14:38,13/11/20 15:27,L1E,H5,6.300000191,11.30000019,RIG 1
13/11/20 15:40,13/11/20 15:47,L5,H1,1.299999952,2.299999952,RIG 1
13/11/20 15:50,13/11/20 16:14,L5,H2,5.400000095,9.699999809,RIG 1
13/11/20 16:21,13/11/20 16:40,L5,H3,5.900000095,10.60000038,RIG 1
13/11/20 16:46,13/11/20 17:06,L5,H4,6.099999905,10.89999962,RIG 1
14/11/20 14:24,14/11/20 14:44,L5,H5,5.900000095,10.5,RIG 1
14/11/20 14:48,14/11/20 14:53,L5,H6,1.600000024,2.799999952,RIG 1
14/11/20 14:59,14/11/20 15:10,L5A,H1,3.099999905,5.5,RIG 1
14/11/20 15:14,14/11/20 15:27,L5A,H2,3.599999905,6.400000095,RIG 1
14/11/20 15:33,14/11/20 15:38,L6,H1,1.299999952,2.299999952,RIG 1
14/11/20 15:40,14/11/20 16:03,L6,H2,5.599999905,10,RIG 1
14/11/20 16:09,14/11/20 16:32,L6,H3,5.900000095,10.60000038,RIG 1
14/11/20 16:36,14/11/20 16:58,L6,H4,6.099999905,10.89999962,RIG 1
14/11/20 17:05,14/11/20 17:24,L6,H5,6,10.69999981,RIG 1
14/11/20 17:28,14/11/20 17:34,L6,H6,2.299999952,4.099999905,RIG 1
14/11/20 17:36,14/11/20 17:41,L6,H7,1,1.700000048,RIG 1
14/11/20 17:47,14/11/20 18:01,L6A,H1,3,5.300000191,RIG 1
14/11/20 18:03,14/11/20 18:17,L6A,H2,3.900000095,6.900000095,RIG 1
14/11/20 18:23,14/11/20 18:30,L7,H1,1.299999952,2.200000048,RIG 1
14/11/20 18:33,14/11/20 18:53,L7,H2,5.699999809,10.19999981,RIG 1
14/11/20 19:02,14/11/20 19:25,L7,H3,6,10.80000019,RIG 1
14/11/20 19:30,14/11/20 19:45,L7,H4,6.199999809,11,RIG 1
14/11/20 19:58,14/11/20 20:08,L7,H6,2.400000095,4.300000191,RIG 1
14/11/20 20:20,14/11/20 20:23,L7,H7,1,1.799999952,RIG 1
14/11/20 20:31,14/11/20 23:03,L7,H5,6.099999905,10.89999962,RIG 1
14/11/20 23:18,14/11/20 23:29,L7A,H1,3.299999952,5.800000191,RIG 1
14/11/20 23:34,14/11/20 23:54,L7A,H2,4.099999905,7.300000191,RIG 1
14/11/20 23:55,15/11/20 0:04,L7A,H3,1.700000048,2.900000095,RIG 1
15/11/20 0:06,15/11/20 0:11,L8,H1,1.299999952,2.200000048,RIG 1
15/11/20 0:28,15/11/20 0:35,L8,H2,5.800000191,10.30000019,RIG 1
15/11/20 0:36,15/11/20 1:01,L8,H3,6.099999905,10.80000019,RIG 1
15/11/20 1:08,15/11/20 1:34,L8,H4,6.199999809,11.10000038,RIG 1
15/11/20 1:36,15/11/20 2:02,L8,H5,6.199999809,11.10000038,RIG 1
15/11/20 2:08,15/11/20 2:18,L8,H6,2.5,4.400000095,RIG 1
15/11/20 2:18,15/11/20 2:26,L8,H7,1.200000048,2,RIG 1
15/11/20 2:27,15/11/20 2:52,L8A,H1,3.200000048,5.599999905,RIG 1
15/11/20 2:53,15/11/20 3:04,L8A,H2,4.400000095,7.800000191,RIG 1
15/11/20 3:07,15/11/20 3:12,L8A,H3,1.799999952,3.099999905,RIG 1
15/11/20 3:14,15/11/20 3:26,L9,H1,1.299999952,2.200000048,RIG 1
15/11/20 3:27,15/11/20 3:47,L9,H2,5.699999809,10.10000038,RIG 1
15/11/20 3:52,15/11/20 4:20,L9,H3,6.099999905,10.80000019,RIG 1
15/11/20 4:26,15/11/20 4:50,L9,H4,6.300000191,11.19999981,RIG 1
15/11/20 4:53,15/11/20 5:16,L9,H5,6.300000191,11.19999981,RIG 1
15/11/20 5:32,15/11/20 5:41,L9,H6,2.700000048,4.699999809,RIG 1
15/11/20 5:42,15/11/20 5:52,L9,H7,1.100000024,1.799999952,RIG 1
15/11/20 5:53,15/11/20 6:07,L9A,H1,2.900000095,5.199999809,RIG 1
15/11/20 6:09,15/11/20 6:26,L9A,H2,4.400000095,7.900000095,RIG 1
15/11/20 6:28,15/11/20 6:29,L9A,H3,1.700000048,3,RIG 1
15/11/20 6:40,15/11/20 6:49,L10,H1,1.299999952,2.299999952,RIG 1
15/11/20 6:50,15/11/20 7:10,L10,H2,5.5,9.899999619,RIG 1
15/11/20 7:14,15/11/20 7:44,L10,H3,6.199999809,11,RIG 1
15/11/20 11:37,15/11/20 11:57,L10,H4,6.300000191,11.19999981,RIG 1
15/11/20 12:32,15/11/20 12:53,L10,H5,6.300000191,11.30000019,RIG 1
15/11/20 13:02,15/11/20 13:11,L10,H6,2.900000095,5.099999905,RIG 1
15/11/20 13:14,15/11/20 13:15,L10,H7,1,1.700000048,RIG 1
15/11/20 13:23,15/11/20 13:28,L11,H1,1.299999952,2.200000048,RIG 1
15/11/20 13:32,15/11/20 13:51,L11,H2,5.300000191,9.399999619,RIG 1
15/11/20 13:57,15/11/20 14:17,L11,H3,6,10.69999981,RIG 1
15/11/20 14:28,15/11/20 14:36,L11,H6,3.5,6.300000191,RIG 1
15/11/20 14:41,15/11/20 15:06,L11,H4,6.099999905,11,RIG 1
15/11/20 15:10,15/11/20 15:15,L11,H7,1.700000048,3,RIG 1
15/11/20 15:17,15/11/20 15:20,L11,H8,0.899999976,1.5,RIG 1
15/11/20 15:21,15/11/20 15:41,L11,H5,6.199999809,11.10000038,RIG 1
15/11/20 15:47,15/11/20 15:53,L12,H1,1.200000048,2.200000048,RIG 1
15/11/20 15:56,15/11/20 16:13,L12,H2,5.300000191,9.399999619,RIG 1
15/11/20 16:17,15/11/20 16:37,L12,H3,5.800000191,10.39999962,RIG 1
15/11/20 16:41,15/11/20 17:00,L12,H4,6.099999905,10.80000019,RIG 1
15/11/20 17:03,15/11/20 17:22,L12,H5,6.099999905,10.89999962,RIG 1
15/11/20 17:28,15/11/20 17:40,L12,H6,3.400000095,6.099999905,RIG 1
15/11/20 17:41,15/11/20 17:46,L12,H7,1.600000024,2.799999952,RIG 1
15/11/20 17:47,15/11/20 17:51,L12,H8,0.899999976,1.5,RIG 1
15/11/20 17:55,15/11/20 18:00,L13,H1,1.299999952,2.299999952,RIG 1
15/11/20 18:03,15/11/20 18:23,L13,H2,5.5,9.800000191,RIG 1
15/11/20 18:26,15/11/20 18:46,L13,H3,5.900000095,10.5,RIG 1
15/11/20 18:51,15/11/20 19:10,L13,H4,6.099999905,10.89999962,RIG 1
15/11/20 19:16,15/11/20 19:35,L13,H5,6,10.80000019,RIG 1
15/11/20 19:40,15/11/20 19:53,L13,H6,3,5.300000191,RIG 1
15/11/20 19:56,15/11/20 20:00,L13,H7,1.5,2.700000048,RIG 1
15/11/20 20:03,15/11/20 20:06,L13,H8,0.899999976,1.5,RIG 1
16/11/20 5:41,16/11/20 6:12,P1,H3,5.300000191,9.5,RIG 1
16/11/20 6:28,16/11/20 7:11,P1,H2,5.099999905,9,RIG 1
16/11/20 7:13,16/11/20 7:37,P1,H1,5.099999905,9,RIG 1
16/11/20 7:56,20/11/20 2:56,P1,H21,5.099999905,9.100000381,RIG 1
16/11/20 11:46,18/11/20 8:38,P1,H12,11.39999962,22,RIG 1
16/11/20 14:25,20/11/20 8:00,COS1,H14,11.80000019,22,RIG 1
17/11/20 1:13,17/11/20 5:16,COS1,H1,4.800000191,8.5,RIG 1
17/11/20 5:18,17/11/20 5:49,COS1,H5,6.5,11.69999981,RIG 1
17/11/20 5:55,17/11/20 6:43,COS1,H4,5.699999809,10.19999981,RIG 1
17/11/20 7:03,17/11/20 7:13,COS1,H3,5.199999809,9.199999809,RIG 1
17/11/20 7:19,17/11/20 7:40,COS1,H2,4.900000095,8.699999809,RIG 1
17/11/20 7:46,17/11/20 8:05,COS1,H24,5.199999809,9.300000191,RIG 1
17/11/20 13:11,17/11/20 13:43,COS1,H25,4.900000095,8.699999809,RIG 1
17/11/20 13:55,17/11/20 14:25,COS1,H23,5.900000095,10.5,RIG 1
17/11/20 14:43,17/11/20 15:02,COS3,H24,5,9,RIG 1
17/11/20 15:11,17/11/20 15:45,COS3,H23,5.5,9.899999619,RIG 1
17/11/20 15:48,17/11/20 16:15,COS3,H22,6.400000095,11.39999962,RIG 1
17/11/20 16:28,17/11/20 16:56,COS6,H22,4.800000191,8.600000381,RIG 1
17/11/20 17:32,17/11/20 17:32,COS6,H21,5.199999809,9.399999619,RIG 1
17/11/20 17:58,17/11/20 18:15,COS6,H1,4.900000095,8.699999809,RIG 1
17/11/20 18:26,17/11/20 18:45,COS6,H2,5,9,RIG 1
17/11/20 18:48,17/11/20 19:08,COS6,H3,5.300000191,9.399999619,RIG 1
17/11/20 19:12,17/11/20 19:45,COS6,H4,5.800000191,10.39999962,RIG 1
17/11/20 19:48,17/11/20 20:30,COS6,H5,6.599999905,11.80000019,RIG 1
17/11/20 23:58,18/11/20 0:31,COS3,H5,7,12.5,RIG 1
18/11/20 0:37,18/11/20 1:03,COS3,H4,6.099999905,10.89999962,RIG 1
18/11/20 1:23,18/11/20 1:44,COS3,H3,5.5,9.800000191,RIG 1
18/11/20 2:03,18/11/20 2:23,COS3,H2,5.099999905,9,RIG 1
18/11/20 2:28,18/11/20 2:47,COS3,H1,4.900000095,8.699999809,RIG 1
18/11/20 6:20,18/11/20 6:59,P1,H15,10.5,18.79999924,RIG 1
18/11/20 13:45,18/11/20 15:46,COS1,H13,12,21,RIG 1
18/11/20 15:49,18/11/20 17:39,COS1,H12,13.10000038,23.60000038,RIG 1
18/11/20 17:45,18/11/20 19:20,COS1,H11,12.30000019,22,RIG 1
18/11/20 19:56,19/11/20 0:16,COS1,H10,11.39999962,20.39999962,RIG 1
19/11/20 1:33,19/11/20 2:25,P1,H14,12.10000038,21.60000038,RIG 1
19/11/20 2:51,19/11/20 3:49,P1,H16,9.699999809,17.29999924,RIG 1
19/11/20 3:58,19/11/20 4:53,P1,H13,11.69999981,22.29999924,RIG 1
19/11/20 5:09,19/11/20 6:24,P1,H11,11.69999981,23.39999962,RIG 1
19/11/20 6:51,19/11/20 7:55,P1,H17,9.199999809,16.5,RIG 1
19/11/20 11:54,19/11/20 13:19,P1,H18,8.399999619,15.10000038,RIG 1
19/11/20 13:23,19/11/20 13:59,P1,H19,6.900000095,12.39999962,RIG 1
19/11/20 14:07,19/11/20 15:07,P1,H9,11.60000038,20.70000076,RIG 1
19/11/20 15:39,19/11/20 16:34,P1,H8,10.69999981,19.20000076,RIG 1
19/11/20 16:43,19/11/20 17:54,P1,H10,12.80000019,22.89999962,RIG 1
19/11/20 18:11,19/11/20 19:42,P1,H7,10.10000038,18.20000076,RIG 1
19/11/20 20:22,20/11/20 0:20,P1,H6,9,16.20000076,RIG 1
20/11/20 0:43,20/11/20 1:12,P1,H5,7.300000191,13,RIG 1
20/11/20 1:20,20/11/20 1:26,P1,H4,6,10.69999981,RIG 1
20/11/20 2:20,20/11/20 2:51,P1,H20,5.599999905,10.10000038,RIG 1
20/11/20 5:00,20/11/20 7:23,COS1,H15,12.10000038,22.79999924,RIG 1
20/11/20 13:21,20/11/20 14:15,COS1,H16,12,21.5,RIG 1
20/11/20 14:56,20/11/20 15:35,COS1,H17,11,19.70000076,RIG 1
20/11/20 15:52,20/11/20 16:43,COS1,H18,10.19999981,18.29999924,RIG 1
20/11/20 16:47,20/11/20 17:30,COS1,H19,9.5,17,RIG 1
22/11/20 1:13,22/11/20 1:58,COS1,H21,8.5,15.19999981,RIG 1
22/11/20 2:15,22/11/20 2:56,COS1,H22,7.199999809,12.89999962,RIG 1
22/11/20 3:38,22/11/20 4:30,COS1,H9,10.60000038,19,RIG 1
22/11/20 4:36,22/11/20 5:29,COS1,H8,10.19999981,18.29999924,RIG 1
22/11/20 5:49,22/11/20 6:40,COS1,H7,9.600000381,17.20000076,RIG 1
22/11/20 7:01,22/11/20 7:52,COS1,H6,7.900000095,14.10000038,RIG 1
23/11/20 3:59,23/11/20 3:59,COS2,H2,11.80000019,21.10000038,RIG 1
23/11/20 6:02,23/11/20 7:01,COS2,H1,11.89999962,21.39999962,RIG 1
23/11/20 7:26,23/11/20 8:18,COS2,H3,11.89999962,20.60000038,RIG 1
23/11/20 12:36,23/11/20 14:03,COS3,H12,12.19999981,21.89999962,RIG 1
23/11/20 14:18,23/11/20 15:26,COS3,H11,12.5,22.5,RIG 1
23/11/20 15:34,23/11/20 16:24,COS3,H10,11.69999981,21,RIG 1
23/11/20 16:50,23/11/20 17:40,COS3,H9,10.89999962,19.60000038,RIG 1
23/11/20 17:56,23/11/20 18:47,COS3,H8,10.30000019,18.39999962,RIG 1
23/11/20 19:07,23/11/20 20:03,COS3,H7,10,17.89999962,RIG 1
23/11/20 20:20,24/11/20 0:10,COS3,H6,8.300000191,14.89999962,RIG 1
24/11/20 7:26,24/11/20 13:37,COS3,H13,11.89999962,21,RIG 1
24/11/20 13:58,24/11/20 16:26,COS3,H14,11.89999962,21.29999924,RIG 1
24/11/20 16:42,24/11/20 17:48,COS3,H15,12.5,22.89999962,RIG 1
24/11/20 18:04,24/11/20 19:03,COS3,H16,11.39999962,20.89999962,RIG 1
24/11/20 19:24,24/11/20 20:15,COS3,H17,10.5,19.29999924,RIG 1
24/11/20 20:44,25/11/20 0:40,COS3,H18,9.699999809,17.89999962,RIG 1
25/11/20 0:51,25/11/20 1:54,COS3,H19,9.100000381,16.89999962,RIG 1
25/11/20 2:03,25/11/20 2:39,COS3,H20,8.600000381,16,RIG 1
25/11/20 2:54,25/11/20 3:21,COS3,H21,7.599999905,14.10000038,RIG 1
25/11/20 4:01,25/11/20 4:51,COS4,H1,12.10000038,20.79999924,RIG 1
25/11/20 20:30,25/11/20 20:30,COS4,H2,12,15.5,RIG 1
25/11/20 20:30,26/11/20 1:44,COS4,H4,12,21.60000038,RIG 1
26/11/20 3:00,26/11/20 4:34,COS4,H5,12.30000019,22.20000076,RIG 1
26/11/20 11:36,26/11/20 14:27,COS5,H2,12,21.5,RIG 1
26/11/20 18:59,27/11/20 1:13,COS5,H1,12,21.20000076,RIG 1
27/11/20 1:26,27/11/20 2:40,COS4,H3,11.89999962,20.89999962,RIG 1
27/11/20 6:42,27/11/20 8:32,COS7,H2,12,21,RIG 1
27/11/20 11:48,27/11/20 13:08,COS7,H1,12.10000038,21.70000076,RIG 1
27/11/20 13:25,27/11/20 14:19,COS7,H3,12.10000038,21.60000038,RIG 1
27/11/20 14:56,27/11/20 16:04,COS6,H6,8.100000381,14.5,RIG 1
27/11/20 16:22,27/11/20 17:22,COS6,H7,9.800000191,18.10000038,RIG 1
27/11/20 17:58,27/11/20 18:59,COS6,H8,10.30000019,18.89999962,RIG 1
27/11/20 19:18,27/11/20 20:21,COS6,H9,10.80000019,19.79999924,RIG 1
28/11/20 0:26,28/11/20 2:09,COS6,H10,11.5,21.10000038,RIG 1
28/11/20 2:23,28/11/20 4:21,COS6,H11,12.39999962,22.79999924,RIG 1
28/11/20 4:43,28/11/20 6:08,COS6,H12,13.19999981,23.70000076,RIG 1
28/11/20 6:51,28/11/20 7:49,COS6,H13,12,21.60000038,RIG 1
28/11/20 12:12,28/11/20 12:55,COS6,H14,11.10000038,20.29999924,RIG 1
28/11/20 13:14,28/11/20 14:06,COS6,H15,10.30000019,18.89999962,RIG 1
28/11/20 14:38,28/11/20 15:37,COS6,H16,9.600000381,17.70000076,RIG 1
28/11/20 15:59,28/11/20 16:56,COS6,H17,9,16.70000076,RIG 1
28/11/20 17:10,28/11/20 17:55,COS6,H18,8.600000381,15.89999962,RIG 1
28/11/20 18:24,28/11/20 18:55,COS6,H20,5.900000095,10.5,RIG 1
28/11/20 19:01,28/11/20 19:14,COS6,H19,7.300000191,13.10000038,RIG 1
29/11/20 0:07,29/11/20 0:56,COS8,H1,12.39999962,22.39999962,RIG 1
29/11/20 1:09,29/11/20 1:52,COS8,H2,12.10000038,21.5,RIG 1
29/11/20 2:06,29/11/20 2:54,COS8,H3,12.19999981,21.10000038,RIG 1
29/11/20 3:49,29/11/20 4:37,COS9,H12,12.19999981,21.89999962,RIG 1
29/11/20 4:47,29/11/20 5:42,COS9,H11,12.60000038,23.10000038,RIG 1
29/11/20 6:55,29/11/20 6:55,COS9,H10,11.60000038,21.29999924,RIG 1
29/11/20 11:22,29/11/20 12:45,COS9,H9,10.89999962,20,RIG 1
29/11/20 13:14,29/11/20 14:16,COS9,H8,10.30000019,19,RIG 1
29/11/20 15:03,29/11/20 16:18,COS9,H7,9.899999619,18.29999924,RIG 1
29/11/20 16:24,29/11/20 17:14,COS9,H6,8.399999619,15.10000038,RIG 1
29/11/20 17:15,29/11/20 17:50,COS9,H5,7.099999905,12.69999981,RIG 1
29/11/20 18:00,29/11/20 18:26,COS9,H4,6.199999809,11.10000038,RIG 1
29/11/20 18:30,29/11/20 18:59,COS9,H3,5.5,9.899999619,RIG 1
29/11/20 19:15,29/11/20 19:31,COS9,H2,5.099999905,9.199999809,RIG 1
29/11/20 19:36,29/11/20 19:59,COS9,H1,5,8.800000191,RIG 1
29/11/20 23:56,30/11/20 0:41,COS9,H13,12.5,22.39999962,RIG 1
30/11/20 1:07,30/11/20 2:59,COS9,H14,11.39999962,21,RIG 1
30/11/20 3:13,30/11/20 3:57,COS9,H15,10.5,19.29999924,RIG 1
30/11/20 4:10,30/11/20 4:48,COS9,H16,9.699999809,17.89999962,RIG 1
30/11/20 4:57,30/11/20 5:35,COS9,H17,9.199999809,16.89999962,RIG 1
30/11/20 5:46,30/11/20 6:19,COS9,H18,8.699999809,16.10000038,RIG 1
30/11/20 6:30,30/11/20 6:55,COS9,H19,7.699999809,13.80000019,RIG 1
30/11/20 7:06,30/11/20 7:26,COS9,H20,6.099999905,11,RIG 1
30/11/20 7:36,30/11/20 7:56,COS9,H21,5.300000191,9.399999619,RIG 1
30/11/20 7:58,30/11/20 8:16,COS9,H22,4.900000095,8.699999809,RIG 1
30/11/20 12:19,30/11/20 13:08,COS10,H17,11.10000038,20.39999962,RIG 1
30/11/20 13:28,30/11/20 14:25,COS10,H16,12.10000038,22.5,RIG 1
30/11/20 15:51,30/11/20 15:51,COS10,H15,12.5,21.5,RIG 1
1/12/20 14:19,1/12/20 15:05,COS10,H14,12.19999981,21.79999924,RIG 1
1/12/20 15:24,1/12/20 16:16,COS10,H13,12.39999962,21.70000076,RIG 1
1/12/20 16:28,1/12/20 17:25,COS10,H12,13.39999962,22.70000076,RIG 1
1/12/20 17:39,1/12/20 18:58,COS10,H11,12.5,22.89999962,RIG 1
1/12/20 19:14,2/12/20 0:50,COS10,H10,11.60000038,21.29999924,RIG 1
2/12/20 0:55,2/12/20 2:04,COS10,H9,10.89999962,20,RIG 1
2/12/20 4:34,2/12/20 4:34,COS10,H7,9.800000191,18.10000038,RIG 1
2/12/20 4:46,2/12/20 5:27,COS10,H6,8.199999809,14.69999981,RIG 1
2/12/20 5:49,2/12/20 6:36,COS10,H5,6.900000095,12.30000019,RIG 1
2/12/20 6:41,2/12/20 6:53,COS10,H4,6,10.80000019,RIG 1
2/12/20 7:15,2/12/20 7:41,COS10,H3,5.400000095,9.699999809,RIG 1
2/12/20 7:44,2/12/20 7:56,COS10,H2,5.099999905,9.100000381,RIG 1
2/12/20 8:12,2/12/20 11:55,COS10,H1,5,8.899999619,RIG 1
2/12/20 13:04,2/12/20 14:40,COS10,H19,9.600000381,17.60000038,RIG 1
2/12/20 15:03,2/12/20 16:01,COS10,H20,9.100000381,16.79999924,RIG 1
2/12/20 16:13,2/12/20 17:07,COS10,H21,8.5,15.80000019,RIG 1
2/12/20 17:27,2/12/20 18:18,COS10,H22,7.199999809,12.89999962,RIG 1
2/12/20 18:30,2/12/20 19:00,COS10,H23,6.099999905,10.89999962,RIG 1
2/12/20 19:15,2/12/20 19:53,COS10,H24,5.400000095,9.5,RIG 1
2/12/20 20:09,2/12/20 20:26,COS10,H25,4.900000095,8.800000191,RIG 1
3/12/20 0:14,3/12/20 0:59,COS1,H20,8.899999619,16,RIG 1
3/12/20 3:24,3/12/20 3:59,P2,H14,7.699999809,13.80000019,RIG 1
3/12/20 4:10,3/12/20 4:46,P2,H13,9,16.10000038,RIG 1
3/12/20 4:57,3/12/20 5:50,P2,H12,10.5,18.70000076,RIG 1
3/12/20 5:52,3/12/20 6:47,P2,H11,12.19999981,21.89999962,RIG 1
3/12/20 6:55,3/12/20 8:00,P2,H10,11.39999962,20.5,RIG 1
3/12/20 8:12,3/12/20 11:29,P2,H9,10.80000019,19.29999924,RIG 1
3/12/20 11:59,3/12/20 12:59,P2,H8-rev,10.39999962,18.70000076,RIG 1
3/12/20 13:17,3/12/20 13:57,P2,H7,10.30000019,18.5,RIG 1
3/12/20 14:14,3/12/20 14:51,P2,H6,10.60000038,19,RIG 1
3/12/20 15:04,3/12/20 17:56,P2,H5,10.89999962,19.60000038,RIG 1
3/12/20 18:10,3/12/20 18:51,P2,H4,11.5,20.70000076,RIG 1
3/12/20 19:12,3/12/20 19:56,P2,H3-rev,12.30000019,22,RIG 1
3/12/20 20:12,3/12/20 23:46,P2,H2,10.30000019,18.5,RIG 1
4/12/20 0:07,4/12/20 0:46,P2,H1,8.699999809,15.60000038,RIG 1
4/12/20 0:55,4/12/20 1:30,P2A,H9,7.5,13.39999962,RIG 1
4/12/20 1:38,4/12/20 2:10,P2A,H8,6,10.80000019,RIG 1
4/12/20 2:13,4/12/20 2:33,P2A,H7,5.300000191,9.399999619,RIG 1
4/12/20 2:46,4/12/20 3:18,P2A,H6,4.800000191,8.5,RIG 1
4/12/20 3:22,4/12/20 3:40,P2A,H5,4.5,8.100000381,RIG 1
4/12/20 3:46,4/12/20 4:17,P2A,H2,6.099999905,11,RIG 1
4/12/20 4:19,4/12/20 4:38,P2A,H4,4.900000095,8.600000381,RIG 1
4/12/20 4:43,4/12/20 5:04,P2A,H3,5.5,9.699999809,RIG 1
4/12/20 5:14,4/12/20 5:50,P2A,H1,7.300000191,13,RIG 1
4/12/20 8:15,4/12/20 8:15,P3,H8,12.39999962,22.20000076,RIG 1
4/12/20 8:19,4/12/20 12:11,P3,H11,14.69999981,26.29999924,RIG 1
4/12/20 12:32,4/12/20 13:07,P3,H16,8.100000381,14.39999962,RIG 1
4/12/20 13:13,4/12/20 13:48,P3,H15,9.699999809,17.29999924,RIG 1
4/12/20 14:01,4/12/20 14:58,P3,H14,11.80000019,21.20000076,RIG 1
4/12/20 15:06,4/12/20 16:04,P3,H13,14.69999981,26.29999924,RIG 1
4/12/20 16:26,4/12/20 17:19,P3,H10,14.39999962,25.79999924,RIG 1
4/12/20 17:44,4/12/20 18:50,P3,H9,12.39999962,22.20000076,RIG 1
4/12/20 19:04,4/12/20 19:48,P3,H1,9,16.10000038,RIG 1
4/12/20 19:55,4/12/20 20:37,P3,H2,10.69999981,19.20000076,RIG 1
4/12/20 20:54,5/12/20 0:21,P3,H12,14.89999962,26.79999924,RIG 1
5/12/20 0:33,5/12/20 1:29,P3,H3,13.10000038,23.5,RIG 1
5/12/20 1:49,5/12/20 2:44,P3,H4,13.39999962,24.10000038,RIG 1
5/12/20 2:59,5/12/20 3:53,P3,H5,13.19999981,23.70000076,RIG 1
5/12/20 4:02,5/12/20 4:54,P3,H6,13.10000038,23.5,RIG 1
5/12/20 5:04,5/12/20 6:07,P3,H7,12.5,22.29999924,RIG 1
5/12/20 6:20,5/12/20 7:10,P4,H1,9,16.10000038,RIG 1
5/12/20 7:12,5/12/20 7:55,P4,H2,10.80000019,19.29999924,RIG 1
5/12/20 8:04,5/12/20 11:35,P4,H3,13.30000019,23.79999924,RIG 1
5/12/20 12:39,5/12/20 13:36,P4,H4,13.69999981,24.5,RIG 1
5/12/20 13:50,5/12/20 14:42,P4,H5,13.39999962,24.10000038,RIG 1
5/12/20 14:56,5/12/20 15:43,P4,H6,13.39999962,24,RIG 1
5/12/20 16:09,5/12/20 17:01,P4,H7,12.5,22.29999924,RIG 1
5/12/20 17:15,5/12/20 18:05,P4,H8,12.39999962,22.20000076,RIG 1
5/12/20 18:20,5/12/20 19:04,P4,H9,12.39999962,22.20000076,RIG 1
5/12/20 19:18,5/12/20 20:11,P4,H10,14.5,26.10000038,RIG 1
6/12/20 1:25,6/12/20 7:24,P4,H16,8.100000381,14.39999962,RIG 1
6/12/20 2:09,6/12/20 7:24,P4,H15,9.699999809,17.29999924,RIG 1
6/12/20 2:55,6/12/20 7:24,P4,H14,11.80000019,21.20000076,RIG 1
6/12/20 3:51,6/12/20 7:24,P4,H13,14.89999962,26.70000076,RIG 1
6/12/20 5:05,6/12/20 7:24,P4,H12,15.19999981,27.29999924,RIG 1
6/12/20 6:21,6/12/20 7:24,P4,H11,14.89999962,26.70000076,RIG 1
6/12/20 7:37,6/12/20 11:32,P5,H12,15.19999981,27.29999924,RIG 1
6/12/20 11:56,6/12/20 12:29,P5,H16,8.100000381,14.39999962,RIG 1
6/12/20 12:41,6/12/20 13:39,P5,H15,9.699999809,17.29999924,RIG 1
6/12/20 13:43,6/12/20 14:24,P5,H14,11.80000019,21.20000076,RIG 1
6/12/20 14:35,6/12/20 15:31,P5,H13,14.69999981,26.29999924,RIG 1
6/12/20 15:46,6/12/20 16:42,P5,H10,14.5,26.10000038,RIG 1
6/12/20 16:56,6/12/20 17:39,P5,H9,12.39999962,22.20000076,RIG 1
6/12/20 17:51,6/12/20 18:34,P5,H8,12.39999962,22.20000076,RIG 1
6/12/20 19:37,6/12/20 20:21,P5,H7,12.5,22.29999924,RIG 1
6/12/20 20:36,6/12/20 23:51,P5,H11,14.89999962,26.70000076,RIG 1
6/12/20 23:57,7/12/20 0:39,P5,H1,9,16.10000038,RIG 1
7/12/20 0:51,7/12/20 1:33,P5,H2,10.69999981,19.10000038,RIG 1
7/12/20 1:45,7/12/20 2:31,P5,H3,13.10000038,1.700000048,RIG 1
7/12/20 2:35,7/12/20 3:36,P5,H3-rev,13.10000038,23.5,RIG 1
7/12/20 3:52,7/12/20 4:52,P5,H4,13.69999981,24.60000038,RIG 1
7/12/20 4:58,7/12/20 5:50,P5,H5,13.5,24.20000076,RIG 1
7/12/20 6:04,7/12/20 7:05,P5,H6,13.39999962,24,RIG 1
7/12/20 7:15,7/12/20 8:00,T1,H1,9,16.10000038,RIG 1
7/12/20 8:06,7/12/20 11:31,T1,H4,13.60000038,24.39999962,RIG 1
7/12/20 11:43,7/12/20 12:36,T1,H2,10.69999981,19.10000038,RIG 1
7/12/20 12:54,7/12/20 13:44,T1,H3,13.10000038,23.5,RIG 1
7/12/20 13:55,7/12/20 14:42,T1,H5,13.30000019,23.89999962,RIG 1
7/12/20 14:56,7/12/20 15:52,T1,H6,13.19999981,23.70000076,RIG 1
7/12/20 16:10,7/12/20 17:16,T1,H7,12.5,22.29999924,RIG 1
7/12/20 17:31,7/12/20 18:16,T1,H8,12.39999962,22.20000076,RIG 1
7/12/20 18:31,7/12/20 19:18,T1,H9,12.39999962,22.20000076,RIG 1
7/12/20 19:30,7/12/20 19:58,T1,H16,8.100000381,14.39999962,RIG 1
7/12/20 20:08,7/12/20 23:49,T1,H12,15.19999981,27.29999924,RIG 1
7/12/20 23:51,8/12/20 1:14,T1,H10,14.39999962,25.89999962,RIG 1
8/12/20 1:29,8/12/20 2:39,T1,H11,14.80000019,26.60000038,RIG 1
8/12/20 5:09,8/12/20 8:07,T1,H13,14.69999981,26.29999924,RIG 1
8/12/20 8:22,8/12/20 11:44,T1,H14,11.80000019,21.20000076,RIG 1
8/12/20 11:49,8/12/20 12:50,T1,H15,9.699999809,17.29999924,RIG 1
8/12/20 12:56,8/12/20 13:41,T2,H1,9,16.10000038,RIG 1
8/12/20 13:46,8/12/20 14:24,T2,H2,10.69999981,19.10000038,RIG 1
8/12/20 14:32,8/12/20 15:30,T2,H3,13.10000038,23.5,RIG 1
8/12/20 15:34,8/12/20 16:33,T2,H4,13.39999962,24.10000038,RIG 1
8/12/20 17:03,8/12/20 18:20,T2,H5,13.19999981,23.70000076,RIG 1
8/12/20 18:21,8/12/20 19:27,T2,H6,13.10000038,23.5,RIG 1
8/12/20 19:33,8/12/20 20:36,T2,H7,12.5,22.29999924,RIG 1
8/12/20 20:42,8/12/20 23:32,T2,H8,12.39999962,22.20000076,RIG 1
8/12/20 23:50,9/12/20 1:32,T2,H9,12.39999962,22.20000076,RIG 1
9/12/20 1:33,9/12/20 2:30,T2,H10,14.30000019,25.60000038,RIG 1
9/12/20 2:55,9/12/20 3:52,T2,H11,14.69999981,26.29999924,RIG 1
9/12/20 4:11,9/12/20 5:41,T2,H12,14.89999962,26.79999924,RIG 1
9/12/20 5:48,9/12/20 7:51,T2,H13,14.69999981,26.29999924,RIG 1
9/12/20 8:07,9/12/20 8:34,T2,H16,8.100000381,14.39999962,RIG 1
9/12/20 8:44,9/12/20 11:51,T2,H14,11.80000019,21.20000076,RIG 1
9/12/20 12:04,9/12/20 12:42,T2,H15,9.699999809,17.29999924,RIG 1
9/12/20 13:15,9/12/20 13:57,T3,H1,9,16.10000038,RIG 1
9/12/20 14:05,9/12/20 14:45,T3,H2,10.69999981,19.10000038,RIG 1
9/12/20 15:05,9/12/20 16:15,T3,H3,13.10000038,23.5,RIG 1
9/12/20 16:26,9/12/20 17:27,T3,H4,13.39999962,24,RIG 1
9/12/20 17:28,9/12/20 18:17,T3,H5,13.10000038,23.39999962,RIG 1
9/12/20 18:27,9/12/20 19:26,T3,H6,13,23.29999924,RIG 1
9/12/20 19:40,9/12/20 20:27,T3,H7,12.5,22.29999924,RIG 1
9/12/20 20:38,9/12/20 23:40,T3,H8,12.39999962,22.20000076,RIG 1
10/12/20 0:23,10/12/20 1:23,T3,H9,12.39999962,22.20000076,RIG 1
10/12/20 1:41,10/12/20 2:38,T3,H10,14.19999981,25.39999962,RIG 1
10/12/20 2:52,10/12/20 4:08,T3,H11,14.5,26.10000038,RIG 1
10/12/20 4:30,10/12/20 5:35,T3,H12,14.89999962,26.79999924,RIG 1
10/12/20 5:45,10/12/20 6:44,T3,H13,14.5,26,RIG 1
10/12/20 6:56,10/12/20 7:48,T3,H14,11.80000019,21.20000076,RIG 1
10/12/20 8:05,10/12/20 8:43,T3,H15,9.699999809,17.29999924,RIG 1
10/12/20 8:51,10/12/20 13:09,T3,H16,8.100000381,14.39999962,RIG 1
10/12/20 13:19,10/12/20 13:57,T4,H1,9,16.10000038,RIG 1
10/12/20 14:07,10/12/20 14:46,T4,H2,10.69999981,19.10000038,RIG 1
10/12/20 15:35,10/12/20 16:28,T4,H3,13.10000038,23.5,RIG 1
10/12/20 16:37,10/12/20 17:27,T4,H4,13.30000019,23.79999924,RIG 1
10/12/20 17:38,10/12/20 18:31,T4,H5,13,23.39999962,RIG 1
10/12/20 18:39,10/12/20 19:38,T4,H6,13,23.20000076,RIG 1
10/12/20 19:53,11/12/20 0:28,T4,H7,12.5,17.20000076,RIG 1
11/12/20 1:01,11/12/20 1:52,T4,H8,12.39999962,22.20000076,RIG 1
11/12/20 2:17,11/12/20 3:22,T4,H9,12.39999962,22.20000076,RIG 1
11/12/20 3:48,11/12/20 4:48,T4,H10,14,25.20000076,RIG 1
11/12/20 5:02,11/12/20 6:16,T4,H11,14.39999962,25.89999962,RIG 1
11/12/20 6:32,11/12/20 7:52,T4,H12,14.80000019,26.60000038,RIG 1
11/12/20 8:36,11/12/20 11:13,T4,H13,14.39999962,25.89999962,RIG 1
11/12/20 11:21,11/12/20 12:13,T4,H14,11.80000019,21.20000076,RIG 1
11/12/20 13:44,11/12/20 14:27,T4,H15,9.699999809,17.29999924,RIG 1
11/12/20 14:31,11/12/20 16:11,T4,H16,8.100000381,14.39999962,RIG 1
12/12/20 19:11,12/12/20 19:55,L1,H1,11.10000038,19.89999962,RIG 1
12/12/20 23:57,13/12/20 1:15,L1,H2,11,19.70000076,RIG 1
13/12/20 1:21,13/12/20 2:20,L1,H3,10.89999962,19.5,RIG 1
13/12/20 2:32,13/12/20 3:20,L1,H4,10.89999962,19.60000038,RIG 1
13/12/20 3:56,13/12/20 5:14,L1A,H1,11,19.79999924,RIG 1
13/12/20 6:21,13/12/20 7:15,L1A,H3,10.89999962,19.39999962,RIG 1
13/12/20 12:25,13/12/20 12:37,R4,H1,2.799999952,5,RIG 1
13/12/20 12:43,13/12/20 12:56,R2,H3,2.900000095,5.199999809,RIG 1
13/12/20 13:20,13/12/20 13:34,R2,H1,2.700000048,4.699999809,RIG 1
13/12/20 14:06,13/12/20 14:28,R2,H2,2.799999952,5,RIG 1
13/12/20 14:37,13/12/20 14:46,R1,H1,2.799999952,5,RIG 1
13/12/20 16:34,13/12/20 17:10,R3,H1,2.799999952,5,RIG 1
14/12/20 7:48,14/12/20 8:58,L1A,H2,11,19.5,RIG 1
14/12/20 13:05,14/12/20 15:58,L1B,H1,11.19999981,19.10000038,RIG 1
14/12/20 19:32,15/12/20 0:35,L1B,H2,11,19.39999962,RIG 1
15/12/20 19:27,15/12/20 20:16,L1C,H5,10.89999962,19.5,RIG 1
16/12/20 1:33,16/12/20 3:00,L1C,H1,11.10000038,19.89999962,RIG 1
16/12/20 6:54,16/12/20 8:20,L1C,H2,11.19999981,19.70000076,RIG 1
16/12/20 13:59,16/12/20 15:31,L1C,H4,10.89999962,19.60000038,RIG 1
16/12/20 16:33,16/12/20 17:25,L1C,H3,11,19.39999962,RIG 1
17/12/20 4:51,17/12/20 5:59,L1D,H1-rev,11.10000038,19.89999962,RIG 1
17/12/20 6:21,17/12/20 7:33,L1D,H2,11,19.79999924,RIG 1
17/12/20 12:13,17/12/20 13:12,L1E,H1-rev,11.19999981,20,RIG 1
17/12/20 17:14,17/12/20 18:59,L1E,H2,11,19.79999924,RIG 1
17/12/20 19:00,17/12/20 19:48,L1E,H3,11.10000038,19.89999962,RIG 1